SriLanka_creole,Portuguese_IPA,phono_CV
Abaço,ɐ.ˈbaj.ʃu,V.CVC.CV
Aberçà,ɐ.bɾɐ.ˈsaɾ,V.CCV.CVC
abersà,ɐ.bɾɐ.ˈsaɾ,V.CCV.CVC
aburçá,ɐ.bɾɐ.ˈsaɾ,V.CCV.CVC
Aburcé,ɐ.bu.Rɨ.ˈseɾ,V.CV.CV.CVC
Ablà,,
Aborcido,ɐ.bu.Rɨ.ˈsi.du,V.CV.CV.CV.CV
Absença,aw.ˈzẽ.sjɐ,VG.CV.CCV
Absente,,
Abundamente,,
Abysso,,
Acá,ˈka,CV
Acceptà,,
Acceptação,,
Acceptavel,,
Acoompinhà,,
Accordá,,
Acoordança,,
accordancè,,
Acento,,
Acerto,,
Achar,,
Açorague,ɐ.ˈsow.ɡɨ,V.CVG.CV
Ade,,
adem,,
Ade,,
Adéo,ɐ.ˈdewʃ,V.CVGC
Adiôto,ˈdow.tu,CVG.CV
Adivu,,
adiu,,
adio,,
adéo,,
Adjudà,,
Admiral,,
Adultéria,ɐ.duɫ.tˈɛ.ɾi.u,V.CVC.CV.CV.V
adulteração,ɐ.duɫ.tˈɛ.ɾi.u,V.CVC.CV.CV.V
Adulterioso,,
adulteiroso,,
Advocat,,
Advogador,,
Affajado,,
Affeçan,ɐ.fɐj.ˈsɐ̃w̃,V.CVC.CVG
Afflictá,,
Ágô,a.gwɐ,V.CV.V
Agór,,
agorra,,
agorrè,,
Agradado,ɐ.ɡɾɐ.ˈda.vɛɫ,V.CCV.CV.CVC
Aguá,ˈvwaɾ,CV.VC
aguvá,ˈvwaɾ,CV.VC
Aindè,ɐ.ˈĩ.dɐ,V.VC.CV
Aio,,
Ajo,,
Alà,,
allá,,
Albre,ˈaɾ.vu.ɾɨ,VC.CV.CV
àlbri,ˈaɾ.vu.ɾɨ,VC.CV.CV
àlbir,ˈaɾ.vu.ɾɨ,VC.CV.CV
Aldeano,,
Aldia,aɫ.ˈdɐj.ɐ,VC.CVC.V
Alegrado,ɐ.ˈlɛ.ɡɾɨ,V.CV.CCV
Alegroso,ɐ.ˈlɛ.ɡɾɨ,V.CV.CCV
Alembrá,,
Alembração,,
Alfada,aɫ.mu.ˈfa.dɐ,VC.CV.CV.CV
Alfàndago,aɫ.ˈfɐ̃.dɨ.ɡɐ,VC.CV.CV.CV
Alfiato,aɫ.fɐj.ˈa.tɨ,VC.CVC.V.CV
Algoso,,
Alguems,,
Alhum,,
alum,,
Alhuma,aɫ.ˈɡɐ̃j̃,VC.CVC
algum de Alhumas,,
Alhumhoras,,
Alhumhoras...alhumhoras...,,
Allagrá,,
allagriá,,
Allagre,ɐ.ˈlɛ.ɡɾɨ,V.CV.CCV
allagroso,ɐ.ˈlɛ.ɡɾɨ,V.CV.CCV
allegrioso,ɐ.ˈlɛ.ɡɾɨ,V.CV.CCV
Allagria,ɐ.lɨ.ˈɡɾi.ɐ,V.CV.CCV.V
allegri,ɐ.lɨ.ˈɡɾi.ɐ,V.CV.CCV.V
Almári,ɐɾ.ˈma.ɾju,VC.CV.CCV
Almazem,ɐɾ.mɐ.ˈʒɐ̃j̃,VC.CV.CVC
Almóça,aɫ.ˈmo.su,VC.CV.CV
Alqumas,,
Altividade,,
Alumado,ɐ.ˈlwa.du,V.CV.V.CV
Aluminá,i.lu.mi.ˈnaɾ,V.CV.CV.CVC
Alverção,ɐ.vɨɾ.ˈsɐ̃w̃,V.CVC.CVG
Alvorsà,aɫ.vu.ɾu.ˈsaɾ,VC.CV.CV.CVC
alversá,aɫ.vu.ɾu.ˈsaɾ,VC.CV.CV.CVC
Alvoroção,aɫ.vu.ˈɾo.su,VC.CV.CV.CV
alvroço,aɫ.vu.ˈɾo.su,VC.CV.CV.CV
Causedor,,
Depalmião,,
Amanhão,a.mɐ.ˈɲɐ̃,V.CV.CV
aminhão,a.mɐ.ˈɲɐ̃,V.CV.CV
amião,a.mɐ.ˈɲɐ̃,V.CV.CV
amiam,a.mɐ.ˈɲɐ̃,V.CV.CV
Amaroso,ɐ.mu.ˈɾo.zu,V.CV.CV.CV
ameroso,ɐ.mu.ˈɾo.zu,V.CV.CV.CV
amoro,ɐ.mu.ˈɾo.zu,V.CV.CV.CV
Ambal,,
Améças,,
Amiçan,ɐ̃.bi.ˈsɐ̃w̃,V.CV.CVG
Amizade,,
Amos,,
Ámper,,
ámperámper,,
Ampér,ɐ̃.ˈpa.ɾu,V.CV.CV
Amportà,,
Andà,,
andavè,,
Anela,ɐ.ˈnɛɫ,V.CVC
Anima,ˈɐ.ni.mu,V.CV.CV
Anjo-chusmos,,
Anjo-cuidador,,
Anjo-fallas,,
Anjo-rosto,,
Anjóla,,
Ankerà,ɐ̃.ku.ˈɾaɾ,V.CV.CVC
ancrà,ɐ̃.ku.ˈɾaɾ,V.CV.CVC
Anno-casa,,
Anno-dia,,
Anoute,,
Anciado,,
Ansque,,
Antiphono,,
Anxiamente,,
Apertamento,,
apartamento,,
Apinhá,ɐ.pɐ.ˈɲaɾ,V.CV.CVC
Applicação,,
applicaçan,,
Approval,,
April,,
Aquél,ɐ.ˈki.lu,V.CV.CV
aquelle,ɐ.ˈki.lu,V.CV.CV
Aquelvide,,
Arco,,
Ária,ɐ.ˈɾɐj.ɐ,V.CVC.V
Arià,vɐ.ˈɾi.aɾ,CV.CV.VC
Ariba,,
Aromatizàrs,,
Aros,ɐ.ˈʁoʃ,V.CVC
Artaple,,
Ártei,,
Articulo,,
Artifiço,ɐɾ.ti.ˈfi.sju,VC.CV.CV.CCV
Artilháris,,
Ásper,ˈaʃ.pɨ.ɾu,VC.CV.CV
Asperà,,
Asperdade,ɐʃ.pɨ.ˈɾe.zɐ,VC.CV.CV.CV
Assi,,
Assilai,,
assilei,,
Assitanto,ˈtɐ̃.tu,CV.CV
astanto,ˈtɐ̃.tu,CV.CV
Assino,ɐ.si.nɐ.ˈtu.ɾɐ,V.CV.CV.CV.CV
Assofran,ɐ.sɐ.ˈfɾɐ̃w̃,V.CV.CCVG
Assofrà,,
Atà,ɐ.ˈtɛ,V.CV
Atarde,ˈtaɾ.dɨ,CVC.CV
Atchà,ɐ.ˈʃaɾ,V.CVC
Até,,
Atramento,ɐ.tɾɨ.vi.ˈmẽ.tu,V.CCV.CV.CV.CV
Atramentá,,
atrevimentá,,
Atténcia,,
atténcè,,
Attermesan,aɫ.tɨɾ.kɐ.ˈsɐ̃w̃,VC.CVC.CV.CVG
Audénci,aw.ˈdjẽ.sjɐ,VG.CCV.CCV
Audia,aw.ˈda.sjɐ,VG.CV.CCV
Ógost,,
Avantagem,vɐ̃.ˈta.ʒɐ̃j̃,CV.CV.CVC
Avelho,ɐ.ˈbɐj.ʎɐ,V.CVC.CV
Avená,ɐ.bɐ.ˈnaɾ,V.CV.CVC
Avoà,ˈvwaɾ,CV.VC
Avogado,,
Avô-mai,,
Avô-pai,,
Azéte,ɐ.ˈzɐj.tɨ,V.CVC.CV
aziete,ɐ.ˈzɐj.tɨ,V.CVC.CV
Azeitero,,
azietero,,
Baas,,
Bàbaro,,
Bêbi,,
Baclà,bɐ.tɐ.ˈʎaɾ,CV.CV.CVC
Baclador,,
Bacladura,,
bacaldura,,
Bafa,,
Bailo,ˈbaj.lɨ,CVC.CV
Baiso,,
baço,,
Bassá,,
Basséza,baj.ˈʃe.zɐ,CVC.CV.CV
Balança,,
Balmaçado,,
Balmo,,
Bend,,
Banda-dentro,,
Banda-fora,,
Bandérè,,
Bandeya,bɐ̃.ˈdɐj.ʒɐ,CV.CVC.CV
Bangià,,
Bank,,
Benkrut,,
Banths,,
Bariga,,
Baro,,
báru,,
Baro-casa,,
Barrato,bɐ.ˈɾa.tu,CV.CV.CV
Barrê,vɐ.ˈReɾ,CV.CVC
Barido,,
Bàsin,,
Bassóra,,
Bastanto,,
Bàtica,,
Batrai,bɐ.tɨ.ˈɾi.ɐ,CV.CV.CV.V
Battà,bɐ.ˈteɾ,CV.CVC
Battalho,bɐ.ˈta.ʎɐ,CV.CV.CV
Batte,,
Bautismo,,
Bautizá,ba.ti.ˈzaɾ,CV.CV.CVC
Bautista,,
Bai,,
bei,,
Bazar,,
bazaara,,
Beberajo,,
beberai,,
Beberajochaps,,
Beberão,bɨ.bɨ.ˈRɐ̃w̃,CV.CV.CVG
babarão,bɨ.bɨ.ˈRɐ̃w̃,CV.CV.CVG
bebrão,bɨ.bɨ.ˈRɐ̃w̃,CV.CV.CVG
Bebera,,
Béço,ˈbɐj.su,CVC.CV
Bíar,,
Bemfeito,,
bemfeto,,
Bemfeitos,,
Bença,ˈbẽ.swɐ̃w̃,CV.CV.VG
bencè,ˈbẽ.swɐ̃w̃,CV.CV.VG
Bendição,ˈbẽ.swɐ̃w̃,CV.CV.VG
Beneficaçan,bɨ.nɨ.ˈfi.sju,CV.CV.CV.CCV
Benigdade,,
Benzê,,
benzà,,
Bénza,ˈbẽ.swɐ̃w̃,CV.CV.VG
bénzè,ˈbẽ.swɐ̃w̃,CV.CV.VG
Berguer,,
Beryl,,
Béudo,,
Beudice,,
Baibol,,
Baibol-nomes,,
Bibora,,
Bijá,bɐj.ˈʒaɾ,CVC.CVC
Billiard,,
Billiard-cámber,,
Bill,,
Bisiga,bɨ.ˈʃi.ɡɐ,CV.CV.CV
Bispada,,
Blada,,
bladè,,
Blanket,,
Blasphemaçan,,
Blasphemoso,blɐʃ.ˈfe.mu,CCVC.CV.CV
Bõa,ˈbo.ɐ,CV.V
Bôt,,
Bobra,,
Bocadè,bu.ˈka.du,CV.CV.CV
Bodrimo,,
Boffetado,,
Boftiá,,
buftiá,,
Boftada,,
Boltiá,,
Bom,bɐ̃j̃,CVC
Bonancè,,
Bonino,,
Buts,,
Bordè,ˈbɔɾ.dɐ,CVC.CV
Bordiá,buɾ.ˈdaɾ,CVC.CVC
Borrecido,ɐ.bu.Rɨ.ˈsi.du,V.CV.CV.CV.CV
Bota,,
Botle,,
botei,,
bottal,,
Bottle-vinho,,
Boutic,bu.ˈti.kɐ,CV.CV.CV
Boutiqueiro,,
Boventade,,
bovantade,,
Boventademente,,
Bocs,,
Branca,bɾɐ̃.ˈki.aɾ,CCV.CV.VC
Branda,ɐ.bɾɐ̃.ˈdaɾ,V.CCV.CVC
Brandi,,
Branquéza,bɾɐ̃.ˈku.ɾɐ,CCV.CV.CV
Brao,,
brau,,
Braviá,,
Brazá,ɐ.bɾɐ.ˈzaɾ,V.CCV.CVC
Bremellio,vɨɾ.ˈmɐj.ʎu,CVC.CVC.CV
brimellio,vɨɾ.ˈmɐj.ʎu,CVC.CVC.CV
brimalho,vɨɾ.ˈmɐj.ʎu,CVC.CVC.CV
brimejo,vɨɾ.ˈmɐj.ʎu,CVC.CVC.CV
Brinc'-de-fogo,,
Búrdar,,
Bruffà,,
Bruffador,sɨ.mjɐ.ˈdoɾ,CV.CCV.CVC
Bruffamento,,
Bruço,,
Buco,,
búku,,
Bunaca,bu.ˈnɛ.kɐ,CV.CV.CV
Bunito,bu.ˈni.tu,CV.CV.CV
Burà,,
Burcê,ɐ.bu.Rɨ.ˈseɾ,V.CV.CV.CVC
burçá,ɐ.bu.Rɨ.ˈseɾ,V.CV.CV.CVC
Burdade,,
Búru,,
Busca,,
Caba,,
cava,,
Cabai,,
cabaya,,
cuobai,,
Cabeça,kɐ.ˈbe.sɐ,CV.CV.CV
cabeçé,kɐ.ˈbe.sɐ,CV.CV.CV
Cabelho,kɐ.ˈbe.lu,CV.CV.CV
Cabrado,,
Caçaria,,
Cacada,,
Cacho,,
Cachór,,
Cachorinho,kɐ.ˈʃo.Ru,CV.CV.CV
Cadahora,,
cadora,,
cadhor,,
Cadhum,,
Cadè,ˈkɐ.dɐ,CV.CV
Cadéra,kɐ.ˈdɐj.ɾɐ,CV.CVC.CV
Cadia,kɐ.ˈdɐj.ɐ,CV.CVC.V
Caflà,,
Caflação,,
Cafrana,,
Cahidas-per-traz,,
Caix,ˈkaj.ʃɐ,CVC.CV
Calão,,
Càlis,ˈka.li.sɨ,CV.CV.CV
Calmo,ˈkaɫ.mɐ,CVC.CV
Calquinha,,
Calsão,,
Calvàri,,
Cambiador,kɐ̃.ˈbiʃ.tɐ,CV.CVC.CV
Cambra,,
cambrè,,
càmber,,
Cambrão,,
Cam'rado,,
cambrado,,
Campal,,
Can',,
candè,,
Canàlhi,kɐ.ˈna.ʎɐ,CV.CV.CV
Cançàs,,
Câncer,,
Candecera,kɐ̃.ˈdjɐj.ɾu,CV.CCVC.CV
can'cera,kɐ̃.ˈdjɐj.ɾu,CV.CCVC.CV
Candelàr,,
candelér,,
Cândia,kɐ̃.ˈdɐj.ɐ,CV.CVC.V
Canto,ˈkwɐ̃.tu,CV.V.CV
Kep,,
Capas,kɐ.ˈpaʃ,CV.CVC
Capitel,,
Captão,kɐ.pi.ˈtɐ̃w̃,CV.CV.CVG
capitano,kɐ.pi.ˈtɐ̃w̃,CV.CV.CVG
Caravão,kɐɾ.ˈvɐ̃w̃,CVC.CVG
Careiro,,
cararo,,
Cargá,kɐ.Rɨ.ˈɡaɾ,CV.CV.CVC
Cargação,kɐ.Rɨ.ɡɐ.ˈmẽ.tu,CV.CV.CV.CV.CV
Cari,,
Caria,,
Caridavel,kɐ.ɾi.ˈdo.zu,CV.CV.CV.CV
Caringuejo,kɐ.ɾɐ̃.ˈɡɐj.ʒu,CV.CV.CVC.CV
Caristia,kɐ.ɾɨʃ.ˈti.ɐ,CV.CVC.CV.V
caristi,kɐ.ɾɨʃ.ˈti.ɐ,CV.CVC.CV.V
carrestia,kɐ.ɾɨʃ.ˈti.ɐ,CV.CVC.CV.V
Carrete,,
careta,,
caretè,,
Carro,,
Cartá,,
Carta-mesa,,
Cartè,ˈkaɾ.tɐ,CVC.CV
Casa-lugária,,
Casa-porta,,
Casião,ɔ.kɐ.ˈzjɐ̃w̃,V.CV.CCVG
Cassa,ˈkaj.ʃɐ,CVC.CV
Cassão,,
Castella,kɐʃ.ˈtɛ.lu,CVC.CV.CV
castellé,kɐʃ.ˈtɛ.lu,CVC.CV.CV
Castigação,kɐʃ.ˈti.ɡu,CVC.CV.CV
Cativeira,,
Catividade,kɐ.ti.ˈvɐj.ɾu,CV.CV.CVC.CV
Catàrr,kɐ.ˈta.Ru,CV.CV.CV
Causo,ˈkaw.zɐ,CVG.CV
Cavador,,
Cavalheria,kɐ.vɐ.lɐ.ˈɾi.ɐ,CV.CV.CV.CV.V
Cavente,,
Cavelyéro,kɐ.vɐ.ˈʎɐj.ɾu,CV.CV.CVC.CV
Cavelo,kɐ.ˈbe.lu,CV.CV.CV
Caverno,kɐ.ˈvɛɾ.nɐ,CV.CVC.CV
Caxa,ˈkɐj.ʃɐ,CVC.CV
Cendê,ɐ.sẽ.ˈdeɾ,V.CV.CVC
Cento,,
centa,,
Cents,,
Ceremonio,sɨ.ɾi.ˈmɔ.njɐ,CV.CV.CV.CCV
Certeza,,
certézè,,
Chabuco,,
chabuca,,
Chalo,ʃa.ˈlɛ,CV.CV
Chan,,
Chap,,
Chápè,ˈʃa.pɐ,CV.CV
Chape,ʃɐ.ˈpɛw,CV.CVG
Chart,,
Chela,,
Chéo,ˈʃɐj.u,CVC.V
Chéro,ˈʃɐj.ɾu,CVC.CV
chiero,ˈʃɐj.ɾu,CVC.CV
chiesto,ˈʃɐj.ɾu,CVC.CV
chisto,ˈʃɐj.ɾu,CVC.CV
Chisto,,
Chiado,,
Cheadice,,
chediça,,
chidiça,,
chidice,,
Chedice-lingua,,
China-patàz,,
Chinglà,,
Chipi,,
Chita,,
Chocarréa,ʃu.kɐ.ˈRi.sɨ,CV.CV.CV.CV
choqueria,ʃu.kɐ.ˈRi.sɨ,CV.CV.CV.CV
Chomà,ʃɐ.ˈmaɾ,CV.CVC
Chóma,ʃɐ.mɐ.ˈmẽ.tu,CV.CV.CV.CV
Chorrà,,
churá,,
Chóve,,
Cristendade,,
Cristmas,,
Chuchadas,,
Chuchado,,
Chulo,,
Chumà,,
Chumaço,,
Chunambo,,
Chusmo,,
Cinquo,ˈsĩ.ku,CVC.CV
cinquè,ˈsĩ.ku,CVC.CV
Cinquento,,
Cintura,,
Cinturà,,
Circumcisá,,
circumciá,,
Circumcido,,
Cizo,,
Cizomente,,
Clar,ˈkla.ɾu,CCV.CV
Clarmente,kla.ɾɐ.ˈmẽ.tɨ,CCV.CV.CV.CV
Cóber,,
Cobiço,,
Kófi,,
Coidá,kuj.ˈdaɾ,CVC.CVC
Coidado,kuj.ˈda.du,CVC.CV.CV
Çoità,ɐ.soj.ˈtaɾ,V.CVC.CVC
Coitado,,
Colleição,ku.lɛ.ˈsɐ̃w̃,CV.CV.CVG
Color,,
clor,,
Columno,ku.ˈlu.nɐ,CV.CV.CV
Cóma,ˈko.mu,CV.CV
comè,ˈko.mu,CV.CV
Combersan,kõ.vɨɾ.ˈsɐ̃w̃,CVC.CVC.CVG
Começa,,
Comedi,ku.ˈmɛ.djɐ,CV.CV.CCV
comédè,ku.ˈmɛ.djɐ,CV.CV.CCV
Comera,ku.ˈmi.dɐ,CV.CV.CV
comêrè,ku.ˈmi.dɐ,CV.CV.CV
comero,ku.ˈmi.dɐ,CV.CV.CV
comeira,ku.ˈmi.dɐ,CV.CV.CV
coméria,ku.ˈmi.dɐ,CV.CV.CV
Comers,,
Comfortable,,
Comidá,kõ.vi.ˈdaɾ,CVC.CV.CVC
Comidação,kõ.ˈvi.tɨ,CVC.CV.CV
Commettá,ku.mɨ.ˈteɾ,CV.CV.CVC
Comménda,,
Comminhão,ku.mu.ˈɲɐ̃w̃,CV.CV.CVG
Communigá,,
Companha,,
compinha,,
Companhà,,
compinhà,,
Companhamen-to,ɐ.kõ.pɐ.ɲɐ.ˈmẽ.tu,V.CVC.CV.CV.CV.CV
companhimento,ɐ.kõ.pɐ.ɲɐ.ˈmẽ.tu,V.CVC.CV.CV.CV.CV
compinhamento,ɐ.kõ.pɐ.ɲɐ.ˈmẽ.tu,V.CVC.CV.CV.CV.CV
Compinhador,,
Companhério,,
compinheiro,,
Compania,,
Competè,,
competá,,
Complemento,,
Compridão,,
comperdão,,
compramento,,
Comtodo,kõ.ˈtu.du,CVC.CV.CV
Con'cé,ku.ɲɨ.ˈseɾ,CV.CV.CVC
Cóncert,,
Concertá,,
Concérta,,
Concià,,
Condiná,kõ.dɨ.ˈnaɾ,CVC.CV.CVC
Condinação,kõ.dɨ.nɐ.ˈsɐ̃w̃,CVC.CV.CV.CVG
Confessão,kõ.ˈfɛ.su,CVC.CV.CV
confesso,kõ.ˈfɛ.su,CVC.CV.CV
Confiador,,
Confidença,,
Confina,,
Conforma,kõ.ˈfɔɾ.mɨ,CVC.CVC.CV
Confundá,kõ.fũ.ˈdiɾ,CVC.CVC.CVC
Confusado,,
condusadoso,,
Consciancia,,
conscencia,,
Consecrá,,
Consecração,kõ.sɐ.ɡɾɐ.ˈsɐ̃w̃,CVC.CV.CCV.CVG
Conselà,kõ.su.ˈlaɾ,CVC.CV.CVC
Conselação,kõ.su.lɐ.ˈsɐ̃w̃,CVC.CV.CV.CVG
consalação,kõ.su.lɐ.ˈsɐ̃w̃,CVC.CV.CV.CVG
Conselador,,
Conselyo,kõ.ˈse.ʎu,CVC.CV.CV
Conselharo,,
conselhéro,,
conseleiro,,
Consente,,
Consequences,,
Consistá,kõ.siʃ.ˈtiɾ,CVC.CVC.CVC
Constrangà,kõʃ.tɾɐ̃.ˈʒeɾ,CVCC.CCV.CVC
Constructado,,
Consuma,,
Conta-papel,,
Contendo,,
Contentado,kõ.ˈtẽ.tɨ,CVC.CV.CV
Conter,ˈkõ.tɾɐ,CVC.CCV
Contino,,
continual,,
Continualmente,,
Contradizão,,
contradiza,,
Contrairo,kõ.ˈtɾa.ɾju,CVC.CCV.CCV
Contriá,,
Contriação,,
Conversão,kõ.vɨɾ.sɐ.ˈsɐ̃w̃,CVC.CVC.CV.CVG
Convertà,,
Convertação,kõ.vɨɾ.ˈsɐ̃w̃,CVC.CVC.CVG
Convidação,kõ.ˈvi.tɨ,CVC.CV.CV
Convinçà,kõ.vẽ.ˈseɾ,CVC.CV.CVC
Copa,,
cope,,
Copa-ti,,
Copra,,
Copy,,
Coragè,ku.ˈɾa.ʒɐ̃j̃,CV.CV.CVC
corajo,ku.ˈɾa.ʒɐ̃j̃,CV.CV.CVC
courajo,ku.ˈɾa.ʒɐ̃j̃,CV.CV.CVC
Coragemente,,
Cordà,ɐ.kuɾ.ˈdaɾ,V.CVC.CVC
cordià,ɐ.kuɾ.ˈdaɾ,V.CVC.CVC
Cordè,ˈkɔɾ.dɐ,CVC.CV
Cores,,
Coresmo,,
Corovà,ku.ˈɾwaɾ,CV.CV.VC
Corovè,ku.ˈɾo.ɐ,CV.CV.V
Correctà,,
corrigá,,
Correição,ku.Rɛ.ˈsɐ̃w̃,CV.CV.CVG
Correntè,kwɐ.ˈɾẽ.tɐ,CV.V.CV.CV
currento,kwɐ.ˈɾẽ.tɐ,CV.V.CV.CV
Corruptido,ku.ˈRup.tu,CV.CVC.CV
Côrto,ˈkuɾ.tu,CVC.CV
Cósse,ˈkoj.sɨ,CVC.CV
Cossià,,
Cossér,ku.ˈsɐj.ɾɐ,CV.CVC.CV
Costa,,
Couraço,kow.ˈɾa.sɐ,CVG.CV.CV
Kôrt,,
Cóusus,,
cousès,,
Cóver,,
Covodo,,
covido,,
Creditor,,
Crem,ˈkɾeɾ,CCVC
Crescentà,ɐ.kɾɨʃ.sẽ.ˈtaɾ,V.CCVC.CV.CVC
criscentá,ɐ.kɾɨʃ.sẽ.ˈtaɾ,V.CCVC.CV.CVC
Criançè,kɾi.ɐ̃.ˈsɐ,CCV.V.CV
criença,kɾi.ɐ̃.ˈsɐ,CCV.V.CV
Criminal,,
Criscé,kɾɨʃ.ˈseɾ,CCVC.CVC
crisé,kɾɨʃ.ˈseɾ,CCVC.CVC
Crucifigà,,
Cruveldade,kɾu.ɛɫ.ˈda.dɨ,CCV.VC.CV.CV
Cubicè,,
cubiço,,
Kuda,,
Cuidade,kuj.ˈda.du,CVC.CV.CV
cuidação,kuj.ˈda.du,CVC.CV.CV
cuidança,kuj.ˈda.du,CVC.CV.CV
cuidancè,kuj.ˈda.du,CVC.CV.CV
Cuidadomente,,
cuidademente,,
Cujéra,,
Cale,,
cúli,,
Culpador,,
Cum,kõ,CVC
Cumaso,,
Cum'sá,ku.mɨ.ˈsaɾ,CV.CV.CVC
Cupá,ɔ.ku.ˈpaɾ,V.CV.CVC
Cupação,ɔ.ku.pɐ.ˈsɐ̃w̃,V.CV.CV.CVG
Curá,ku.ˈReɾ,CV.CVC
Cural,ku.ˈRaɫ,CV.CVC
Curavè,,
Curtezia,,
Cusá,ku.ˈzeɾ,CV.CVC
Cúsa,,
Cúspi,ˈkuʃ.pu,CVC.CV
cóspi,ˈkuʃ.pu,CVC.CV
Custúma,,
custumo,,
Customà,kuʃ.tu.ˈmaɾ,CVC.CV.CVC
Dace,,
Dàlhi,,
dàlyi,,
dàhi,,
dàji,,
Dádimo,ˈda.di.vɐ,CV.CV.CV
Danà,,
Danação,,
Danaficà,dɐ.ni.fi.ˈkaɾ,CV.CV.CV.CVC
Danaficação,,
Dandy,,
Darté,dɨ.Rɨ.ˈteɾ,CV.CV.CVC
derté,dɨ.Rɨ.ˈteɾ,CV.CV.CVC
Dar-tomars,,
Decémber,,
De-ceos-visitador,,
Dè,,
Dedia,di.a,CV.V
Dek,,
Declarão,dɨ.klɐ.ɾɐ.ˈsɐ̃w̃,CV.CCV.CV.CVG
Deféncia,,
defencè,,
Deido,,
Deixa,dɐj.ˈʃaɾ,CVC.CVC
dessa,dɐj.ˈʃaɾ,CVC.CVC
Demóni,dɨ.ˈmɔ.nju,CV.CV.CCV
Denheiro,,
Déntor,ˈdẽ.tɾu,CV.CCV
Dentro-voz,,
Deos-bénza,,
Dér,,
Deremá,,
Desasparà,dɨ.zɨʃ.pɨ.ˈɾaɾ,CV.CVC.CV.CVC
Descargà,dɨʃ.kɐ.Rɨ.ˈɡaɾ,CVC.CV.CV.CVC
Desci,dɨʃ.ˈseɾ,CVC.CVC
Desclorà,,
Descompetido,ĩ.kõ.vɨ.ˈnjẽ.tɨ,VC.CVC.CV.CCV.CV
Descompetidomente,,
Descontentado,dɨʃ.kõ.ˈtẽ.tɨ,CVC.CVC.CV.CV
Descuidação,dɨʃ.ˈkuj.du,CVC.CVC.CV
descuidancè,dɨʃ.ˈkuj.du,CVC.CVC.CV
Deseijo,dɨ.ˈzaj.ʒu,CV.CVC.CV
deselho,dɨ.ˈzaj.ʒu,CV.CVC.CV
Deseijà,dɨ.zɨ.ˈʒaɾ,CV.CV.CVC
Desembarçan,dɨ.zẽ.ˈbaɾ.kɨ,CV.CV.CVC.CV
Desempàr,,
desemp'raçáo,,
Desempará,dɨ.zɐ̃.pɐ.ˈɾaɾ,CV.CV.CV.CVC
desemprà,dɨ.zɐ̃.pɐ.ˈɾaɾ,CV.CV.CV.CVC
Desfamá,,
Desfazedo,,
desfazido,,
Desfruitoso,,
Desgardecé,,
Desgradecimento,,
Desgosto-vida,,
Deshonestade,dɨ.zu.nɨʃ.ti.ˈda.dɨ,CV.CV.CVC.CV.CV.CV
Desià,dɨ.zɨ.ˈʒaɾ,CV.CV.CVC
disià,dɨ.zɨ.ˈʒaɾ,CV.CV.CVC
diziá,dɨ.zɨ.ˈʒaɾ,CV.CV.CVC
Desio,dɨ.ˈzaj.ʒu,CV.CVC.CV
disio,dɨ.ˈzaj.ʒu,CV.CVC.CV
Desimportá,,
desemportá,,
Desemportado,nɨ.ɡli.ˈʒẽ.tɨ,CV.CCV.CV.CV
Desemportança,,
desemportação,,
Deslimpo,,
Deslimpéza,,
Deslimpá,,
Desmará,,
Desmasiação,dɨ.mɐ.ˈzi.ɐ,CV.CV.CV.V
Desobedencia,,
Despadaçá,dɨʃ.pɨ.dɐ.ˈsaɾ,CVC.CV.CV.CVC
Desparança,,
Desparecê,,
desparcé,,
Disparcido,,
Despôde,,
Despois,dɨ.ˈpojʃ,CV.CVCC
Despossessá,,
Desprazá,dɨʃ.pɾɨ.ˈzaɾ,CVC.CCV.CVC
Desprendido,,
Desprovà,,
Desproveitoso,i.ˈnu.tiɫ,V.CV.CVC
Destribuá,dɨʃ.tɾi.ˈbwiɾ,CVC.CCV.CV.VC
Destribuação,dɨʃ.tɾi.bwi.ˈsɐ̃w̃,CVC.CCV.CV.V.CVG
destribução,dɨʃ.tɾi.bwi.ˈsɐ̃w̃,CVC.CCV.CV.V.CVG
Destruvé,dɨʃ.tɾu.ˈiɾ,CVC.CCV.VC
destruivé,dɨʃ.tɾu.ˈiɾ,CVC.CCV.VC
destruvà,dɨʃ.tɾu.ˈiɾ,CVC.CCV.VC
Destruiação,dɨʃ.tɾu.i.ˈsɐ̃w̃,CVC.CCV.V.CVG
destruivição,dɨʃ.tɾu.i.ˈsɐ̃w̃,CVC.CCV.V.CVG
destrucção,dɨʃ.tɾu.i.ˈsɐ̃w̃,CVC.CCV.V.CVG
Desvai,,
Desvaloso,,
Dettà,dɐj.ˈtaɾ,CVC.CVC
Devida,,
déuda,,
dieudè,,
Devidor,,
dividor,,
Devotado,,
Devotamos,,
Dézimo,,
Dézimos,,
Dezimá,,
Dez-mil-mil,,
Dezoitè,dɨ.ˈzoj.tu,CV.CVC.CV
Dia,,
Diabolei,,
Diamante-jubli,,
Diantá,,
Diante-casa,,
Differéncia,di.fɨ.ˈɾẽ.sɐ,CV.CV.CV.CV
Dinhéro,,
Directà,,
Disaccordancè,dɨ.zɐ.ˈkoɾ.du,CV.CV.CVC.CV
Desapprovado,,
Discé,dɨʃ.ˈseɾ,CVC.CVC
Discendé,dɨʃ.ˈseɾ,CVC.CVC
Discerto,ĩ.ˈsɛɾ.tu,VC.CVC.CV
Discete,dɨ.zɐ.ˈsɛ.tɨ,CV.CV.CV.CV
Disciplo,dɨʃ.ˈsi.pu.lu,CVC.CV.CV.CV
Disconfiador,ĩ.ˈfjɛɫ,VC.CCVC
Disconfiadeira,ĩ.ˈfjɛɫ,VC.CCVC
Disconsalado,,
Discontentomento,dɨʃ.kõ.tẽ.tɐ.ˈmẽ.tu,CVC.CVC.CV.CV.CV.CV
Disconvertido,,
Discourtezia,,
Disemperado,,
Disfayeção,,
Disfiel,ĩ.ˈfjɛɫ,VC.CCVC
disfieldado,ĩ.ˈfjɛɫ,VC.CCVC
Disfielmente,,
Disfieldade,ĩ.fi.dɨ.li.ˈda.dɨ,VC.CV.CV.CV.CV.CV
Disgerado,,
Disgosto,,
Dish,,
Dishonorá,,
Dishonrável,,
Dislevedado,,
Dismercé,,
Dismercimento,,
Dismissão,,
Dismuê,di.ʒɨ.ˈɾiɾ,CV.CV.CVC
Desobdecimento,,
Disobedecido,dɨ.zɔ.bɨ.ˈdjẽ.tɨ,CV.CV.CV.CCV.CV
Disperdiçà,,
Dispidê,dɨʃ.pɨ.ˈdiɾ,CVC.CV.CVC
Dispôs,dɨ.ˈpojʃ,CV.CVCC
Disprazeiro,,
Disputação,diʃ.ˈpu.tɐ,CVC.CV.CV
Disregulado,,
Disrepartido,,
Disrezoado,,
Dissilim,,
Dissaude,,
Distrançà,,
Distrançador,,
Distranço,,
Distresso,,
Disvalia,,
Disvalià,,
Disvalioso,,
Dito,,
Divinidade,,
Divudo,,
Dizido,,
Docéro,,
Dóctor,,
Dódo,,
Dodice,,
doudiça,,
dodiço,,
Dodado,,
Doençá,,
Dolôr,,
Dominião,du.ˈmi.nju,CV.CV.CCV
Dor-quebrado,,
Dós,ˈdojʃ,CVCC
dous,ˈdojʃ,CVCC
Dous-dobrado,,
Doutrino,,
Doutro,,
Dovencè,,
Dó-vestido,,
Dozeiro,sɨ.ˈɡũ.du,CV.CVC.CV
douzeiro,sɨ.ˈɡũ.du,CV.CVC.CV
Dózimo,du.ɔ.ˈdɛ.si.mu,CV.V.CV.CV.CV
Drek,,
Dréker,,
Dreito,di.ˈɾɐj.tu,CV.CVC.CV
dreto,di.ˈɾɐj.tu,CV.CVC.CV
Dromi,duɾ.ˈmiɾ,CVC.CVC
dromé,duɾ.ˈmiɾ,CVC.CVC
drumé,duɾ.ˈmiɾ,CVC.CVC
Dromiçá,ɐ.duɾ.mɨ.ˈseɾ,V.CVC.CV.CVC
Dromiçá,ɐ.duɾ.mɨ.ˈseɾ,V.CVC.CV.CVC
Drop,,
Dúcats,,
Dúki,ˈdu.kɨ,CV.CV
Dukesè,du.ˈke.zɐ,CV.CV.CV
Durança,du.ɾɐ.ˈsɐ̃w̃,CV.CV.CVG
Duvidade,ˈdu.vi.dɐ,CV.CV.CV
duvidança,ˈdu.vi.dɐ,CV.CV.CV
Duvidando,,
Earnestè,,
Eamestemente,,
Earnestidade,,
Egualação,,
Egualado,,
Egualadomente,i.ɡwaɫ.ˈmẽ.tɨ,V.CV.VC.CV.CV
Ementà,,
Emendador,,
Emperador,ĩ.pɨ.ɾɐ.ˈdoɾ,VC.CV.CV.CVC
emperdor,ĩ.pɨ.ɾɐ.ˈdoɾ,VC.CV.CV.CVC
Empressado,ĩ.ˈpɾɛ.su,VC.CCV.CV
Encenso,ĩ.ˈsẽ.su,VC.CV.CV
Encircà,,
Encontração,,
Enculcá,,
Enculcação,,
Enfante,,
Enferno,ĩ.ˈfɛɾ.nu,VC.CVC.CV
Engeità,,
Englanterra,,
Engrato,ĩ.ˈɡɾa.tu,VC.CCV.CV
Enguento,,
Enimigo,,
enimingo,,
enemingo,,
Enjoelho,ˈʒwɐj.ʎu,CV.VC.CV
Enjoelhá,,
Enjusticia,,
Enluminá,i.lu.mi.ˈnaɾ,V.CV.CV.CVC
enlumiá,i.lu.mi.ˈnaɾ,V.CV.CV.CVC
Enrodiá,,
Ensinador,,
Ensombrado,,
Enteiro,ĩ.ˈtɐj.ɾu,VC.CVC.CV
Enténcia,,
Envéja,ĩ.ˈvɐj.ʒɐ,VC.CVC.CV
envejè,ĩ.ˈvɐj.ʒɐ,VC.CVC.CV
envéjo,ĩ.ˈvɐj.ʒɐ,VC.CVC.CV
enveijo,ĩ.ˈvɐj.ʒɐ,VC.CVC.CV
Envisté,vɨʃ.ˈtiɾ,CVC.CVC
Erdávè,eɾ.ˈdaɾ,VC.CVC
Erdéro,,
Eropa,,
Escola-mestre,,
Esfriado,,
Esperdiçá,,
esperdicé,,
esperdeçá,,
esperdecê,,
Esperdição,dɨʃ.pɨɾ.ˈdi.sju,CVC.CVC.CV.CCV
Esperta,,
espertel,,
Este,,
Estelei,,
Estopo,,
Etiqua,,
Fábre,ˈfɛ.bɾɨ,CV.CCV
Faça,,
Faê,fɐ.ˈzeɾ,CV.CVC
Fallà,,
Fallars,,
Falsento,,
Falsodade,,
Faltança,ˈfaɫ.tɐ,CVC.CV
Famado,,
Fámea,,
Familha,fɐ.ˈmi.ljɐ,CV.CV.CCV
familyè,fɐ.ˈmi.ljɐ,CV.CV.CCV
Familha-oração,,
Familhado,,
Faz,ˈfa.siɫ,CV.CVC
Féxon,,
Favorà,,
Favorado,,
Favoroso,,
Favorosomente,,
Favour,,
Fàze,ˈfɐj.tu,CVC.CV
Fazedo,ˈfɐj.tu,CVC.CV
fazido,ˈfɐj.tu,CVC.CV
Fazendo,,
Fébruari,,
Fee,,
Feirréro,fɨ.ˈRɐj.ɾu,CV.CVC.CV
Felizamente,fɨ.liʒ.ˈmẽ.tɨ,CV.CVC.CV.CV
Felizidade,,
Femè,ˈfe.mjɐ,CV.CCV
Féo,ˈfɐj.u,CVC.V
feu,ˈfɐj.u,CVC.V
Feudade,fi.aɫ.ˈda.dɨ,CV.VC.CV.CV
Ferão,fɨ.ˈRɐ̃w̃,CV.CVG
Ferido,fɨ.ˈɾi.dɐ,CV.CV.CV
Fero,,
Ferraro,fɨ.ˈRɐj.ɾu,CV.CVC.CV
Fessão,fɐj.ˈsɐ̃w̃,CVC.CVG
Festè,ˈfɛʃ.tɐ,CVC.CV
Festià,,
Feticeria,fɐj.ti.sɐ.ˈɾi.ɐ,CVC.CV.CV.CV.V
Fetiço,fɐj.ˈti.su,CVC.CV.CV
Feticéro,,
Feto,ˈfɐj.tu,CVC.CV
Fiado,,
Fial,,
Ficà,,
Fichà,,
Ficticioso,,
Fieldade,fi.dɨ.li.ˈda.dɨ,CV.CV.CV.CV.CV
Fifesfifies,,
féfes,,
fifeis,,
fifi,,
Figas,,
Figo,,
Filho-de-moça,,
Filyo,ˈfi.ʎu,CV.CV
Firmemento,,
Firmidade,fiɾ.ˈme.zɐ,CVC.CV.CV
Fisgà,fi.ˈksaɾ,CV.CCVC
Fitchá,,
Fitè,ˈfi.tɐ,CV.CV
Flamma,ˈʃɐ.mɐ,CV.CV
Flau,,
Flek,,
Floricé,,
Floricemento,,
Fogà,ɐ.fu.ˈɡaɾ,V.CV.CVC
Fólga,ˈfo.lɨ.ɡu,CV.CV.CV
Folgação,,
Folho,ˈfo.ʎɐ,CV.CV
Folmac,,
Fome,,
Fonte-crystal,,
Fontena,,
Força,,
forcè,,
Forçamente,,
forçadomente,,
Fordè,,
fórda,,
Fordaque,,
Forde-sintido,,
Fórea,fɨ.ˈRu.ʒɐ̃j̃,CV.CV.CVC
fória,fɨ.ˈRu.ʒɐ̃j̃,CV.CV.CVC
Fornè,ˈfoɾ.nu,CVC.CV
Forrè,ˈfɔ.ɾɐ,CV.CV
Fortelezè,fuɾ.tɐ.ˈle.zɐ,CVC.CV.CV.CV
fortéza,fuɾ.tɐ.ˈle.zɐ,CVC.CV.CV.CV
Fortificação,kõ.fiɾ.mɐ.ˈsɐ̃w̃,CVC.CVC.CV.CVG
Fraqueza,,
Frechador,,
Fremoso,fuɾ.ˈmo.zu,CVC.CV.CV
Fremosura,fuɾ.mu.ˈzu.ɾɐ,CVC.CV.CV.CV
fremesura,fuɾ.mu.ˈzu.ɾɐ,CVC.CV.CV.CV
fremesora,fuɾ.mu.ˈzu.ɾɐ,CVC.CV.CV.CV
fremasora,fuɾ.mu.ˈzu.ɾɐ,CVC.CV.CV.CV
Frés,ˈfɾeʃ.ku,CCVC.CV
frez,ˈfɾeʃ.ku,CCVC.CV
Frieudade,,
Friu,ˈfɾi.u,CCV.V
Frominga,,
fruminga,,
Fronte,,
Frosteiro,,
frostéro,,
Frúita,,
Frúito,ˈfɾu.tu,CCV.CV
Fruitoso,fɾu.ˈtwo.zu,CCV.CV.V.CV
Frutofeira,,
Fugà,ɐ.fu.ˈɡaɾ,V.CV.CVC
Fugé,fu.ˈʒiɾ,CV.CVC
Fula,ˈfloɾ,CCVC
fulè,ˈfloɾ,CCVC
Fuma,ˈfu.mu,CV.CV
Fundà,,
Fundemento,fũ.dɐ.ˈmẽ.tu,CVC.CV.CV.CV
Fundéza,ˈfũ.du,CVC.CV
fundura,ˈfũ.du,CVC.CV
Furtador,,
Furtéza,ˈfuɾ.tu,CVC.CV
Furugè,fɨ.ˈRu.ʒɐ̃j̃,CV.CV.CVC
furuja,fɨ.ˈRu.ʒɐ̃j̃,CV.CV.CVC
Furrugento,,
Gafinhoto,ɡɐ.fɐ.ˈɲo.tu,CV.CV.CV.CV
Gafo,,
Gagueação,,
Gáilo,ɡaj.ˈɔ.lɐ,CVC.V.CV
Gajo,,
ganyo,,
Ganyà,ɡɐ.ˈɲaɾ,CV.CVC
Galyardè,ɡɐ.ˈʎaɾ.du,CV.CVC.CV
Gamela,,
Gardá,ɡwɐɾ.ˈdaɾ,CV.VC.CVC
Gardamento,,
Gardecé,ɐ.ɡɾɐ.dɨ.ˈseɾ,V.CCV.CV.CVC
gardicê,ɐ.ɡɾɐ.dɨ.ˈseɾ,V.CCV.CV.CVC
guardicé,ɐ.ɡɾɐ.dɨ.ˈseɾ,V.CCV.CV.CVC
Gardecimento,ɐ.ɡɾɐ.dɨ.si.ˈmẽ.tu,V.CCV.CV.CV.CV.CV
gardicemento,ɐ.ɡɾɐ.dɨ.si.ˈmẽ.tu,V.CCV.CV.CV.CV.CV
gardiamento,ɐ.ɡɾɐ.dɨ.si.ˈmẽ.tu,V.CCV.CV.CV.CV.CV
Gardicidomente,,
Gavà,,
gová,,
Gavação,,
Gaytarios,,
Gazià,,
Gaziação,,
Gemedores,,
Gemeduras,,
Generà,,
Generalmente,,
Gentigo,,
Geresan,ʒɨ.ɾɐ.ˈsɐ̃w̃,CV.CV.CVG
Glass,,
Gloriação,,
Goldice,,
goldiça,,
Goldiçà,ɐ.pɨ.tɨ.ˈseɾ,V.CV.CV.CVC
Gotiá,ɡu.tɨ.ˈʒaɾ,CV.CV.CVC
Gourdo,,
Govemamento,,
Governo,,
Gaun,,
Gracè,,
grácia,,
Grado,,
Grammar,,
Gran,ˈɡɾɐ̃w̃,CCVG
Grande,,
Grandes,,
Grandomente,,
grandamente,,
Grandézè,,
grandura,,
grandurè,,
Greja,i.ˈɡɾɐj.ʒɐ,V.CCVC.CV
Grijo,ˈɡɾi.lu,CCV.CV
Grik,,
Grog,,
Gubernador,,
Gudão,,
Guerrè,,
Guerrà,ɡɨ.ˈRi.aɾ,CV.CV.VC
Guerrador,,
Guerrioso,,
Hanscun,,
Harpo,ˈaɾ.pɐ,VC.CV
Hénder,,
Herdança,e.ˈɾɐ̃.sɐ,V.CV.CV
Heregia,e.ɾɨ.ˈzi.ɐ,V.CV.CV.V
herecia,e.ɾɨ.ˈzi.ɐ,V.CV.CV.V
Herético,,
heréjo,,
Heridá,eɾ.ˈdaɾ,VC.CVC
Histórè,iʃ.ˈtɔ.ɾjɐ,VC.CV.CCV
Hojo,ô.je,V.CV
hôjoe,ô.je,V.CV
Hómbra,,
Home,ˈɔm,VC
homi,ˈɔm,VC
Homicido,u.mi.ˈsi.dju,V.CV.CV.CCV
Honeste,u.ˈnɛʃ.tu,V.CVC.CV
Honestemente,,
Honourado,,
honerado,,
Honoravel,,
Hortè,,
Hortalão,,
hortolão,,
Huã,,
Húmè,,
Humildo,u.ˈmiɫ.dɨ,V.CVC.CV
Humildeza,u.miɫ.ˈda.dɨ,V.CVC.CV.CV
Humiliação,u.mi.ʎɐ.ˈsɐ̃w̃,V.CV.CV.CVG
Hypocritico,,
Aiç,,
Idade,,
Idóla,,
Idolateiro,i.ˈdɔ.lɐ.tɾɐ,V.CV.CV.CCV
idoloteiro,i.ˈdɔ.lɐ.tɾɐ,V.CV.CV.CCV
Ilharga-ferido,,
Ilya,ˈi.ʎɐ,V.CV
Ilyarga,,
Imajo,i.ˈma.ʒɐ̃j̃,V.CV.CVC
Immudança,,
Impioso,ˈĩ.pju,VC.CCV
Importado,ĩ.puɾ.ˈtɐ̃.tɨ,VC.CVC.CV.CV
Importança,ĩ.puɾ.ˈtɐ̃.sjɐ,VC.CVC.CV.CCV
Importadomente,,
Impressà,,
Impressado,ĩ.ˈpɾɛ.su,VC.CCV.CV
Impressador,ĩ.pɾɨ.ˈsoɾ,VC.CCV.CVC
Impuridade,ĩ.pu.ˈɾe.zɐ,VC.CV.CV.CV
Incensà,,
Incenseiro,,
incenséro,,
Incredivel,,
Indè,,
Indulgéncè,,
Ingratidade,,
Inimingo,,
inemingo,,
Inexpressavel,,
Infruitoso,ĩ.fɾu.ˈti.fɨ.ɾu,VC.CCV.CV.CV.CV
Ingres,ĩ.ˈgleʃ,VC.CCVC
Inimizade,,
Injoelho,ˈʒwɐj.ʎu,CV.VC.CV
injivelho,ˈʒwɐj.ʎu,CV.VC.CV
injevejo,ˈʒwɐj.ʎu,CV.VC.CV
injivejo,ˈʒwɐj.ʎu,CV.VC.CV
Insincero,,
Institutà,,
Instruição,ĩʃ.tɾu.ˈsɐ̃w̃,VCC.CCV.CVG
Inténcia,,
inténci,,
Intercessà,,
Intergridade,ĩ.tɨ.ɡɾi.ˈda.dɨ,VC.CV.CCV.CV.CV
Internal,,
Intrudição,ĩ.tɾu.du.ˈsɐ̃w̃,VC.CCV.CV.CVG
Inveijo,ĩ.ˈvɐj.ʒɐ,VC.CVC.CV
Iremão,iɾ.ˈmɐ̃w̃,VC.CVG
Irès,,
Irmana,iɾ.ˈmɐ̃,VC.CV
Iscóchi,,
Ispirito,,
Istôri,iʃ.ˈtɔ.ɾjɐ,VC.CV.CCV
Jà,ˈʒa,CV
Jadàwe,,
Jagra,,
Jam,,
January,,
Jar,,
Jarès,,
Jàsper,ˈʒaʃ.pɨ,CVC.CV
Jásper-mar,,
Javi,ˈvɐj.u,CVC.V
javitem,ˈvɐj.u,CVC.V
Javiran,,
Jin,,
Jinjúa,ʒɨ.ˈʒũ,CV.CVC
jinúa,ʒɨ.ˈʒũ,CV.CVC
jinjunação,ʒɨ.ˈʒũ,CV.CVC
Jinjuá,ʒɨ.ˈʒwaɾ,CV.CV.VC
Jornado,ʒuɾ.ˈna.dɐ,CVC.CV.CV
Jubilee,,
Judá,ɐ.ˈʒu.dɐ,V.CV.CV
judè,ɐ.ˈʒu.dɐ,V.CV.CV
judança,ɐ.ˈʒu.dɐ,V.CV.CV
Judá,,
judai,,
Judador,,
judedor,,
Jadj,,
Jufrau,,
Julgação,,
Julgador,,
Julai,,
Jumbà,,
Jumbador,,
Jiun,,
Juntação,ɐ.ʒũ.tɐ.ˈmẽ.tu,V.CVC.CV.CV.CV
Juntado,,
Junto-herdeiro,,
Junto-obrador,,
Junto-peditóris,,
Junto-servidor,ku.ˈlɛ.ɡɐ,CV.CV.CV
Jurar,,
Justá,ɐ.ʒuʃ.ˈtaɾ,V.CVC.CVC
Justado,,
Justamento,,
Justicia,ʒuʃ.ˈti.sɐ,CVC.CV.CV
Justo,,
Kokeira,ko.ˈkɐj.ɾu,CV.CVC.CV
Labóra,,
Lacerdo,,
Lacrá,,
Laderan,,
Ladinha,lɐ.dɐ.ˈi.ɲɐ,CV.CV.V.CV
Ladroviça,,
ladraviça,,
ladravicè,,
ladrivicè,,
ladervisa,,
Lagárè,lu.ˈɡaɾ,CV.CVC
Lágri,ˈla.ɡɾi.mɐ,CV.CCV.CV
láguir,ˈla.ɡɾi.mɐ,CV.CCV.CV
Lambrança,,
Lemp,,
Lampo,ˈlɐ̃.pɐ.dɐ,CV.CV.CV
Lantá,lɨ.vɐ̃.ˈtaɾ,CV.CV.CVC
Lanterno,,
Lão,,
Lapiá,,
Lasta,,
lastè,,
Lastimo,ˈlaʃ.ti.mɐ,CVC.CV.CV
Lastro,ˈla.su,CV.CV
lástor,ˈla.su,CV.CV
Laviação,,
Lavração,,
Lé,,
Lego,ˈlɛ.ɡwɐ,CV.CV.V
leagou,ˈlɛ.ɡwɐ,CV.CV.V
Legislatà,,
Lei,ˈko.mu,CV.CV
Leido,,
Lejado,,
Lembrá,,
Léper,,
leprosa,,
Lés,ˈleɾ,CVC
lez,ˈleɾ,CVC
leis,ˈleɾ,CVC
Lés,li.ˈsɐ̃w̃,CV.CVG
Leste,,
lestes,,
Lestemente,pɾõ.tɐ.ˈmẽ.tɨ,CCVC.CV.CV.CV
Léte,ˈlɐj.tɨ,CVC.CV
Létar,,
létera,,
letra,,
Levadura,fɨɾ.ˈmẽ.tu,CVC.CV.CV
Leve,,
Levedação,,
levedado,,
Leventà,lɨ.vɐ̃.ˈtaɾ,CV.CV.CVC
Lichim,,
Limita,,
limito,,
Lingareiro,,
lingerero,,
Lingo,ˈlĩ.ɡwɐ,CVC.CV.V
Linguerção,,
lingersan,,
linguarçan,,
Linhos,,
Liverdade,li.bɨɾ.ˈda.dɨ,CV.CVC.CV.CV
livradade,li.bɨɾ.ˈda.dɨ,CV.CVC.CV.CV
Livrança,li.bɨɾ.tɐ.ˈsɐ̃w̃,CV.CVC.CV.CVG
livrancè,li.bɨɾ.tɐ.ˈsɐ̃w̃,CV.CVC.CV.CVG
livração,li.bɨɾ.tɐ.ˈsɐ̃w̃,CV.CVC.CV.CVG
Ló,ˈlɔ.ɡu,CV.CV
Lodia,,
Lodo,,
Logarmésmo,,
Loiros,,
Loità,lu.ˈtaɾ,CV.CVC
Loitamento,,
loitança,,
Loser,,
Louvro,low.ˈvoɾ,CVG.CVC
Lovà,low.ˈvaɾ,CVG.CVC
Lugàra,lu.ˈɡaɾ,CV.CVC
Iugàrè,lu.ˈɡaɾ,CV.CVC
Iugària,lu.ˈɡaɾ,CV.CVC
Lugar-gosto,,
Luguéra,ɐ.lu.ˈɡɛɾ,V.CV.CVC
Luma,,
Lumár,,
lumára,,
lumaré,,
Lumado,ɐ.ˈlwa.du,V.CV.V.CV
Lumià,,
Luminário,,
luminairo,,
lum'nario,,
Luzé,lu.ˈziɾ,CV.CVC
Luzindo,,
Maas,,
Mação,mɐ̃.ˈsɐ̃w̃,CV.CVG
Macéo,,
Machicá,,
Mexin,,
Macho-criancè,,
Màdam,,
Madergà,mɐ.dɾu.ˈɡaɾ,CV.CCV.CVC
Mademá,,
Mafatría,,
Magovà,mɐ.ˈɡwaɾ,CV.CV.VC
maguvà,mɐ.ˈɡwaɾ,CV.CV.VC
Mai,ˈmɐ̃j̃,CVC
Mainato,,
Maisdiante,,
Maisque,,
masque,,
Majestado,,
Major,mɐj.ˈɔɾ,CVC.VC
Mal,,
Maldiçansa,,
Maldiçoà,,
maldiçà,,
Malfetor,maɫ.fɐj.ˈtoɾ,CVC.CVC.CVC
Malino,mɐ.ˈli.ɡnu,CV.CV.CCV
Mal-prestado,,
Malusancia,,
Mamma,,
ma,,
Man,,
Man',,
Mandemento,,
Manduco,,
Mangue,,
Manhão,mɐ.ˈɲɐ̃,CV.CV
Ment'l,,
Manhecé,ɐ.mɐ.ɲɨ.ˈseɾ,V.CV.CV.CVC
manecê,ɐ.mɐ.ɲɨ.ˈseɾ,V.CV.CV.CVC
Manéja,,
manejador,,
Mão-em-mão,,
Mép,,
Mará,,
marrá,,
Marado,,
Maradura,,
Mára,mɐ.ˈɾɛ,CV.CV
marè,ˈmaɾ,CVC
Martch,,
Marello,ɐ.mɐ.ˈɾɛ.lu,V.CV.CV.CV
Marga,ɐ.ˈmaɾ.ɡu,V.CVC.CV
Margôra,ɐ.mɐɾ.ˈɡu.ɾɐ,V.CVC.CV.CV
Margoso,,
Márgu,,
Mármor,ˈmaɾ.mu.ɾɨ,CVC.CV.CV
màrmar,ˈmaɾ.mu.ɾɨ,CVC.CV.CV
Martellè,mɐɾ.ˈtɛ.lu,CVC.CV.CV
martél,mɐɾ.ˈtɛ.lu,CVC.CV.CV
Mártyro,,
Marvia,,
Marvioso,mɐ.ɾɐ.vi.ˈʎo.zu,CV.CV.CV.CV.CV
Marvilha,,
Marvilhà,,
Más,,
Masante,,
Mascomtudo,,
Masdiante,,
Maçabado,,
Maslins,,
Massà,,
Massavo,,
Mástri,,
Masvinho,,
Matação,u.mi.ˈsi.dju,V.CV.CV.CCV
matança,u.mi.ˈsi.dju,V.CV.CV.CCV
Matches,,
Mate,,
Matinha,,
Métres,,
Mêi,,
Medè,mɨ.ˈdiɾ,CV.CVC
Media,,
Miting,,
Megoà,,
melgoá,,
Megoador,,
Meido,ˈme.du,CV.CV
Melhoramente,,
Mellifluoso,mɨ.li.ˈflwu,CV.CV.CCV.V
Memo,ˈmi.mu,CV.CV
Memoso,,
Mentè,,
Méo,ˈmɐj.u,CVC.V
Mercacia,,
Mercadeira,,
Mercê,mɨ.ɾɨ.ˈseɾ,CV.CV.CVC
Mercemento,,
mercimento,,
mericemento,,
Merecê,mɨ.ɾɨ.ˈseɾ,CV.CV.CVC
Meritória,ˈmɛ.ɾi.tu,CV.CV.CV
Merón,,
Mès,ˈmeʃ,CVC
méis,ˈmeʃ,CVC
Més,,
Méssa,ˈme.zɐ,CV.CV
Messá,ɐ.mjɐ.ˈsaɾ,V.CCV.CVC
Messangeiro,,
massengeiro,,
Mestre,,
méstri,,
Metade,,
metai,,
Methodisto,,
Milagrioso,,
Mail,,
Militàrio,mɨ.li.ˈtaɾ,CV.CV.CVC
Millions,,
Mils,,
Mimôri,mɨ.ˈmɔ.ɾjɐ,CV.CV.CCV
Minguação,,
Minha,,
minhè,,
Ministeiro,mɨ.niʃ.ˈtɛ.ɾju,CV.CVC.CV.CCV
Ministração,mɨ.niʃ.ˈtɛ.ɾju,CV.CVC.CV.CCV
Minté,,
Minteira,mẽ.ˈti.ɾɐ,CV.CV.CV
Minteroso,,
mintroso,,
Minuito,,
Mira,ˈmi.Rɐ,CV.CV
Misaravel,mi.zɨ.ˈɾa.vɛɫ,CV.CV.CV.CVC
misravel,mi.zɨ.ˈɾa.vɛɫ,CV.CV.CV.CVC
Misinha,,
Misricordia,mi.zɨ.ɾi.ˈkɔɾ.djɐ,CV.CV.CV.CVC.CCV
misrecordia,mi.zɨ.ɾi.ˈkɔɾ.djɐ,CV.CV.CV.CVC.CCV
Misricordioso,,
Misté,,
mista,,
Mistia,,
Mistem,,
Mistrá,miʃ.tu.ˈɾaɾ,CVC.CV.CVC
Moça,,
Moção,,
Mofiná,,
Moito,ˈmwĩ.tu,CV.VC.CV
Moleira,,
Molgá,,
Molyà,,
Molya,,
mujà,,
Mónster,,
Montanho,mõ.ˈtɐ.ɲɐ,CVC.CV.CV
Mooi,,
Moradè,,
morado,,
morando,,
morança,,
moradura,,
Morra,mu.ˈɾaɾ,CV.CVC
Morrendo,,
Morro,,
Mortajo,muɾ.ˈta.ʎɐ,CVC.CV.CV
Mortià,ɐ.muɾ.tɐ.ˈʎaɾ,V.CVC.CV.CVC
Mostárdè,muʃ.ˈtaɾ.dɐ,CVC.CVC.CV
Mourdé,muɾ.ˈdeɾ,CVC.CVC
Mourdindo,,
Movà,mu.ˈveɾ,CV.CVC
Muê,ˈmweɾ,CV.VC
muá,ˈmweɾ,CV.VC
Mudana,,
Mudáncè,mu.ˈdɐ̃.sɐ,CV.CV.CV
mudação,mu.ˈdɐ̃.sɐ,CV.CV.CV
Mudano,mũ.ˈdɐ.nu,CVC.CV.CV
Mulhàra,,
Mulvado,,
Mundado,,
Mundoso,mũ.ˈdɐ.nu,CVC.CV.CV
Murguiá,mɨɾ.ɡu.ˈʎaɾ,CVC.CV.CVC
Murguiaçâo,,
Murindo,,
Murmerà,,
Murmeração,,
Murré,,
Musicante,,
Musico,,
Mustrà,muʃ.ˈtɾaɾ,CVC.CCVC
Mutúra,,
Mystéria,miʃ.ˈtɛ.ɾju,CVC.CV.CCV
Nacemento,,
Nada,,
Nada,,
nadè,,
nandè,,
Nadia,,
Namais,,
namás,,
Nan,ˈnɐ̃w̃,CVG
Natal-dia,,
Nau-quebrado,,
Navigà,nɐ.vɨ.ˈɡaɾ,CV.CV.CVC
Necestade,nɨ.sɨ.si.ˈda.dɨ,CV.CV.CV.CV.CV
Negligá,,
Negócia,nɨ.ˈɡɔ.sju,CV.CV.CCV
Nehum,,
nihum,,
nium,,
Nemistê,,
nemistà,,
nimisté,,
numistè,,
Nérva,,
Nigrinha,,
Nimito,,
nimíta,,
Nimità,,
Nimitação,,
Ninquer,,
Ninqueria,,
Nistá,nɨ.sɨ.si.ˈtaɾ,CV.CV.CV.CVC
Nistade,nɨ.sɨ.si.ˈda.dɨ,CV.CV.CV.CV.CV
Nó,ˈnu,CV
nuó,ˈnu,CV
Nóber,ˈnɔ.bɾɨ,CV.CCV
Nobilidade,,
Nobréza,,
Nocente,i.nu.ˈsẽ.tɨ,V.CV.CV.CV
nocenti,i.nu.ˈsẽ.tɨ,V.CV.CV.CV
Nogo,ˈno.vu,CV.CV
Noivu,,
Nómber,,
Nompodé,,
nompôdi,,
Nompodia,,
Nona,,
Nôtis,,
Nonca,ˈnũ.kɐ,CVC.CV
nonco,ˈnũ.kɐ,CVC.CV
nuca,ˈnũ.kɐ,CVC.CV
núcu,ˈnũ.kɐ,CVC.CV
Nono,ɐ.ˈvo,V.CV
Nossè,,
Nossotros,,
Notáris,,
Novas-papella,,
Novémber,,
Nóves,,
Nóvis,ˈnu.vɐ.ɐ̃j̃,CV.CV.VC
Nué,,
nuvé,,
nuá,,
Num,ˈnɐ̃w̃,CVG
nun,ˈnɐ̃w̃,CVG
Numpodé,,
numpôdi,,
Numpodia,,
Nuntem,,
Nuntinha,,
Numbro,,
Nunca,ˈnũ.kɐ,CVC.CV
nunco,ˈnũ.kɐ,CVC.CV
Nuvè,ˈnu.vɐ.ɐ̃j̃,CV.CV.VC
Ô,ow,VG
Obedicé,ɔ.bɨ.dɨ.ˈseɾ,V.CV.CV.CVC
obdecé,ɔ.bɨ.dɨ.ˈseɾ,V.CV.CV.CVC
Obdicindo,,
Obedecencia,,
obedecimento,,
Obre,ˈɔ.bɾɐ,V.CCV
óber,ˈɔ.bɾɐ,V.CCV
Obração,ɔ.pɨ.ɾɐ.ˈsɐ̃w̃,V.CV.CV.CVG
Obraro,,
Obrigacè,ɔ.bɾi.ɡɐ.ˈsɐ̃w̃,V.CCV.CV.CVG
Occidente,,
Octóber,,
Ódia,ˈɔ.dju,V.CCV
Offéncia,,
Offercé,ɔ.fɨ.ɾɨ.ˈseɾ,V.CV.CV.CVC
Offercimento,ɔ.ˈfɛɾ.tɐ,V.CVC.CV
offeração,ɔ.ˈfɛɾ.tɐ,V.CVC.CV
offerça,ɔ.ˈfɛɾ.tɐ,V.CVC.CV
offerço,ɔ.ˈfɛɾ.tɐ,V.CVC.CV
Ófis,,
Ófiser,,
Officina,,
officio,,
officia,,
offiço,,
Ogo,,
Oitórè,,
Olhà,,
Olyà,,
oyà,,
Olyo,ô.je,V.CV
Ómber,,
Omóris,,
Omp,,
ompi,,
Ontà,ũ.ˈtaɾ,VC.CVC
Onte,ˈõ.tɐ̃j̃,VC.CVC
ónti,ˈõ.tɐ̃j̃,VC.CVC
ónta,ˈõ.tɐ̃j̃,VC.CVC
Onzimo,,
Oppressà,,
Oratória,ɔ.ɾɐ.ˈtɔ.ɾju,V.CV.CV.CCV
Orde,,
órdi,,
Ordinà,ɔɾ.dɨ.ˈnaɾ,VC.CV.CVC
Ordinancias,,
Oriente,,
Orlozo,,
Orphano,,
Ortelão,ɔɾ.tɨ.ˈlɐ̃,VC.CV.CV
Orvai,ɔɾ.ˈva.ʎu,VC.CV.CV
oravai,ɔɾ.ˈva.ʎu,VC.CV.CV
Otro,ˈow.tɾu,VG.CCV
outrè,ˈow.tɾu,VG.CCV
Oudisido,,
Ouleiro,,
Oura,o.ɾu,V.CV
óru,o.ɾu,V.CV
Ouro-anjo,,
Ouro-coroa,,
Ouvida,ow.ˈvi.du,VG.CV.CV
ovido,ow.ˈvi.du,VG.CV.CV
ovida,ow.ˈvi.du,VG.CV.CV
Ovi,,
Ovelho,ɔ.ˈvɐj.ʎɐ,V.CVC.CV
Óksigen,,
Pacencia,,
pacénci,,
paciénci,,
Padaço,pɨ.ˈda.su,CV.CV.CV
padas,pɨ.ˈda.su,CV.CV.CV
padaz,pɨ.ˈda.su,CV.CV.CV
Padecemento,,
Padicé,pɐ.dɨ.ˈseɾ,CV.CV.CVC
Pagà,,
Pague,,
Palaço,,
Palàver,pɐ.ˈla.vɾɐ,CV.CV.CCV
pàlver,pɐ.ˈla.vɾɐ,CV.CV.CCV
pàlvra,pɐ.ˈla.vɾɐ,CV.CV.CCV
Palavrado,,
Palmião,,
Palmo,,
Pamperlão,aɫ.ˈti.vu,VC.CV.CV
Pan,ˈpɐ̃w̃,CVG
Pancádè,pɐ̃.ˈka.dɐ,CV.CV.CV
pancado,pɐ̃.ˈka.dɐ,CV.CV.CV
Panhà,ɐ.pɐ.ˈɲaɾ,V.CV.CVC
Panocrua,,
Pap,,
Papagaia,,
Papella,,
papélè,,
Papiá,fɐ.ˈlaɾ,CV.CVC
Papiador,,
Papus,,
Par,ˈpɐ.ɾɐ,CV.CV
Pará,,
Paràbel,,
Parêd,,
Paradiso,,
Parçaria,pɐɾ.sɨ.ˈɾi.ɐ,CVC.CV.CV.V
Parè,,
Paridura,ˈpaɾ.tu,CVC.CV
Parecè,,
parcé,,
Parecer,,
parcer,,
Pareço,,
Parecemento,,
parcemento,,
paricimento,,
Parentelha,,
Parentes,,
Parentesca,pɐ.ɾẽ.ˈteʃ.ku,CV.CV.CVC.CV
Parol,,
Paroliero,,
Parpora,ˈpuɾ.pu.ɾɐ,CVC.CV.CV
Parque,ˈpuɾ.kɨ,CVC.CV
parqui,ˈpuɾ.kɨ,CVC.CV
Parrà,,
Pàrtei,ˈpaɾ.tɨ,CVC.CV
Parte-possuidor,,
Paçá,pɐ.ˈsaɾ,CV.CVC
Passagè,,
passajo,,
pasajo,,
passai,,
passei,,
Passá,,
Pascencia,pɐ.ˈsjẽ.sjɐ,CV.CCV.CCV
Pasco,,
Pascoa-tempo,,
Passangeiro,,
Passante,,
Passavel,,
Pastro,,
pastor,,
Pasteá,,
Pastempo,pa.sɐ.ˈtẽ.pu,CV.CV.CV.CV
Pastrinho,,
pasterinho,,
pastronélè,,
Pastro,,
pastúr,,
Pateca,mɨ.lɐ̃.ˈsi.ɐ,CV.CV.CV.V
Patriarco,,
Patta,,
Paun,,
Pavi,pɐ.ˈvi.u,CV.CV.V
Péci,ˈpɐj.ʃɨ,CVC.CV
pési,ˈpɐj.ʃɨ,CVC.CV
Peçonhoto,,
Pécora,,
Péder,,
Pederia,,
pedria,,
Peditória,,
peditóri,,
pidetória,,
Pedrejà,ɐ.pɨ.dɾɨ.ˈʒaɾ,V.CV.CCV.CVC
pedreyà,ɐ.pɨ.dɾɨ.ˈʒaɾ,V.CV.CCV.CVC
pedriá,ɐ.pɨ.dɾɨ.ˈʒaɾ,V.CV.CCV.CVC
Pegado,,
Pégados,,
Pei,ˈpɛ,CV
Pelegrino,,
Péli,ˈpɛ.lɨ,CV.CV
Pelo,puɾ,CVC
Pelour,pɨ.ˈlow.ɾu,CV.CVG.CV
Penerá,pɨ.nɐj.ˈɾaɾ,CV.CVC.CVC
Pénès,,
pànès,,
Penetenti,,
Péshon,,
Pequinino,pɨ.ˈke.nu,CV.CV.CV
Pequino,,
Per,,
pera,,
perè,,
Percauso,,
Perdá,pɨɾ.ˈdeɾ,CVC.CVC
Perdeção,,
Perdovà,pɨɾ.ˈdwaɾ,CVC.CV.VC
Perfeità,,
Perfeitado,pɨɾ.ˈfɐj.tu,CVC.CVC.CV
Periba,,
Perigreneção,pɨ.ɾɨ.ɡɾi.nɐ.ˈsɐ̃w̃,CV.CV.CCV.CV.CVG
Perla,ˈpɛ.ɾu.lɐ,CV.CV.CV
Permanecente,,
Permittá,pɨɾ.mi.ˈtiɾ,CVC.CV.CVC
Perseguaição,pɨɾ.sɨ.ɡi.ˈsɐ̃w̃,CVC.CV.CV.CVG
Persuaidir,pɨɾ.swɐ.ˈdiɾ,CVC.CV.V.CVC
Pertruvà,pɨɾ.tuɾ.ˈbaɾ,CVC.CVC.CVC
Pervertà,,
Pesadura,,
Pé-solto,,
Pessõa,pɨ.ˈso.ɐ,CV.CV.V
peason,pɨ.ˈso.ɐ,CV.CV.V
pessão,pɨ.ˈso.ɐ,CV.CV.V
pessan,pɨ.ˈso.ɐ,CV.CV.V
Péstia,ˈpɛʃ.tɨ,CVC.CV
Pete,,
péti,,
Petishon,,
Péto,ˈpɐj.tu,CVC.CV
Pézo,,
Piadade,pjɛ.ˈda.dɨ,CCV.CV.CV
Piadoso,pjɛ.ˈdo.zu,CCV.CV.CV
pidoso,pjɛ.ˈdo.zu,CCV.CV.CV
Piatória,,
piatóri,,
Pidé,pɨ.ˈdiɾ,CV.CVC
Pill,,
Pilgrima,,
Pinchà,,
Pindurá,pẽ.du.ˈɾaɾ,CV.CV.CVC
Pindrado,pẽ.du.ˈɾa.du,CV.CV.CV.CV
Pinhor,pɨ.ˈɲoɾ,CV.CVC
Pintador,,
Paip,,
Piquin,,
Pirigo,pɨ.ˈɾi.ɡu,CV.CV.CV
Pirigá,,
Piregoso,pɨ.ɾi.ˈɡo.zu,CV.CV.CV.CV
Piscôs,pɨʃ.ˈko.su,CVC.CV.CV
Pisinhoto,,
Pistól,,
Plaga,ˈpɾa.ɡɐ,CCV.CV
plágu,ˈpɾa.ɡɐ,CCV.CV
Plein,,
Plan,ˈplɐ.nu,CCV.CV
Plánchè,ˈplɐ̃.tɐ,CCV.CV
Planétè,plɐ.ˈne.tɐ,CCV.CV.CV
Plat,,
Plein,,
Plenári,,
Plenidão,plɨ.ni.ˈtu.dɨ,CCV.CV.CV.CV
Ploi,,
Póbir,,
Póco,ˈpow.ku,CVG.CV
Podéra,pu.ˈdeɾ,CV.CVC
Pódeser,taɫ.ˈveʃ,CVC.CVC
pódiser,taɫ.ˈveʃ,CVC.CVC
Podricé,,
Podre-cido,,
Po'e,pu.ˈdeɾ,CV.CVC
poi,pu.ˈdeɾ,CV.CVC
Polvito,,
Polvito-boceta,,
Pompôria,,
pompôri,,
Pontá,,
Ponto,,
pontè,,
Porcadade,puɾ.kɐ.ˈɾi.ɐ,CVC.CV.CV.V
Poristo,,
Porta-rua,,
Portugueza,,
Possebé,pu.ˈswiɾ,CV.CV.VC
possibé,pu.ˈswiɾ,CV.CV.VC
pos-suibé,pu.ˈswiɾ,CV.CV.VC
Possessá,,
Póssia,ˈpɔ.sɨ,CV.CV
Pótar,,
Pouches,ˈtɾɔ.kɐ,CCV.CV
póuchis,ˈtɾɔ.kɐ,CCV.CV
Pouco-idade,,
Póvès,,
Povoção,pu.vwɐ.ˈsɐ̃w̃,CV.CV.V.CVG
povesan,pu.vwɐ.ˈsɐ̃w̃,CV.CV.V.CVG
Praino,,
Prandè,pɾẽ.ˈdeɾ,CCV.CVC
Pranta,ˈplɐ̃.tɐ,CCV.CV
Prato,ˈpɾe.tu,CCV.CV
Prazero,pɾɐ.ˈzeɾ,CCV.CVC
prazeiro,pɾɐ.ˈzeɾ,CCV.CVC
Predicá,,
Predicação,,
Pregação-horas,,
Pregoá,,
Preguador,,
Preguècè,,
Premeiro,,
Premesso,,
primeiço,,
pri-meço,,
Prendé,ɐ.pɾẽ.ˈdeɾ,V.CCV.CVC
prendá,ɐ.pɾẽ.ˈdeɾ,V.CCV.CVC
prandé,ɐ.pɾẽ.ˈdeɾ,V.CCV.CVC
Prendo,ĩʃ.tɾu.ˈsɐ̃w̃,VCC.CCV.CVG
prendá,ĩʃ.tɾu.ˈsɐ̃w̃,VCC.CCV.CVG
Prénha,ˈɡɾa.vi.dɐ,CCV.CV.CV
prenhe,ˈɡɾa.vi.dɐ,CCV.CV.CV
Prensa,ĩ.ˈpɾẽ.sɐ,VC.CCV.CV
prenso,ĩ.ˈpɾẽ.sɐ,VC.CCV.CV
Preperá,,
Presa,pɾẽ.ˈdeɾ,CCV.CVC
Presado,,
Preso,,
Preso-casa,pɾi.ˈzɐ̃w̃,CCV.CVG
Preséncia,pɾɨ.ˈzẽ.sɐ,CCV.CV.CV
presènci,pɾɨ.ˈzẽ.sɐ,CCV.CV.CV
Preso,ˈpɾe.su,CCV.CV
prezo,ˈpɾe.su,CCV.CV
Présta,,
prestamente,,
preste,,
prestemente,,
prestado,,
prestadomente,,
prestè,,
Prestá,,
Présta,,
prestado,,
prestade,,
prestança,,
Preténcia,,
Prevalá,,
Prevalência,,
Primacia,,
Priméro,,
Primeté,pɾu.mɨ.ˈteɾ,CCV.CV.CVC
primité,pɾu.mɨ.ˈteɾ,CCV.CV.CVC
primitá,pɾu.mɨ.ˈteɾ,CCV.CV.CVC
Premitido,pɾu.mɨ.ˈti.du,CCV.CV.CV.CV
Primo,,
Primo-ferido,,
Princézè,pɾĩ.ˈse.zɐ,CCVC.CV.CV
Principal,,
Principalidado,pɾĩ.si.ˈpa.du,CCVC.CV.CV.CV
Prinspo,ˈpɾĩ.sɨ.pɨ,CCVC.CV.CV
prenspo,ˈpɾĩ.sɨ.pɨ,CCVC.CV.CV
Prisoneiro,,
Pristè,,
Privilézia,pɾi.vi.ˈlɛ.ʒju,CCV.CV.CV.CCV
privilézè,pɾi.vi.ˈlɛ.ʒju,CCV.CV.CV.CCV
Produzé,,
producé,,
Professão,pɾu.fi.ˈsɐ̃w̃,CCV.CV.CVG
Profundura,pɾu.fũ.di.ˈda.dɨ,CCV.CVC.CV.CV.CV
Propheciá,pɾu.fɨ.ti.ˈzaɾ,CCV.CV.CV.CVC
Propheto,pɾu.ˈfɛ.tɐ,CCV.CV.CV
Própi,ˈpɾɔ.pɾju,CCV.CCCV
Proposá,,
Propôsal,,
Prósimo,ˈpɾɔ.si.mu,CCV.CV.CV
prózimo,ˈpɾɔ.si.mu,CCV.CV.CV
prosmo,ˈpɾɔ.si.mu,CCV.CV.CV
prósmi,ˈpɾɔ.si.mu,CCV.CV.CV
Prostratá,,
Protectá,,
Provéita,pɾu.ˈvɐj.tu,CCV.CVC.CV
Proveitá,ɐ.pɾu.vɐj.ˈtaɾ,V.CCV.CVC.CVC
pruveitá,ɐ.pɾu.vɐj.ˈtaɾ,V.CCV.CVC.CVC
Proveitação,,
Pruffia,puɾ.ˈfi.ɐ,CVC.CV.V
profia,puɾ.ˈfi.ɐ,CVC.CV.V
Pruffiá,,
Pruffiador,,
Prugunta,pɨɾ.ˈɡũ.tɐ,CVC.CVC.CV
prunta,pɨɾ.ˈɡũ.tɐ,CVC.CVC.CV
pruntè,pɨɾ.ˈɡũ.tɐ,CVC.CVC.CV
prunto,pɨɾ.ˈɡũ.tɐ,CVC.CVC.CV
Pruguntá,,
pruntá,,
Pruvá,pɾu.ˈvaɾ,CCV.CVC
prouvá,pɾu.ˈvaɾ,CCV.CVC
Psalmisto,,
Puçá,pu.ˈʃaɾ,CV.CVC
pusá,pu.ˈʃaɾ,CV.CVC
Púchi,,
Punhá,,
Puridade,,
Purificando,,
Purismo,,
Quadrilla,kwɐ.ˈdɾi.ʎɐ,CV.V.CCV.CV
Quártrimo,ˈkwaɾ.tu,CV.VC.CV
Quátor,ˈkwa.tɾu,CV.V.CCV
Quebrentá,,
Quebrentação,,
Quédè,,
quadè,,
Quehora,,
Quehoraseja,,
Quelai,,
quilai,,
quilei,,
quelai,,
Quem,ˈkɐ̃j̃,CVC
Quemsu,,
Quemá,,
quimà,,
Quemadura,kɐj.mɐ.ˈdu.ɾɐ,CVC.CV.CV.CV
Quemodo,,
Quenhão,ki.ˈɲɐ̃w̃,CV.CVG
quinha,ki.ˈɲɐ̃w̃,CV.CVG
Quentá,,
Quentura,,
Querré,kɨ.ˈɾeɾ,CV.CVC
Querrendo,,
Querendomente,vu.lũ.ta.ɾjɐ.ˈmẽ.tɨ,CV.CVC.CV.CCV.CV.CV
querandomente,vu.lũ.ta.ɾjɐ.ˈmẽ.tɨ,CV.CVC.CV.CCV.CV.CV
Quizer,,
Querer,kɨ.ˈɾeɾ,CV.CVC
queria,kɨ.ˈɾeɾ,CV.CVC
querria,kɨ.ˈɾeɾ,CV.CVC
Querioso,,
Quèssa,,
quesa,,
Quessá,,
Quessador,ɐ.ku.zɐ.ˈdoɾ,V.CV.CV.CVC
Quetanto,ˈkwɐ̃.tu,CV.V.CV
qutanto,ˈkwɐ̃.tu,CV.V.CV
Quifoi,,
Quindé,,
quindi,,
Quinhador,,
Quorenta,kwɐ.ˈɾẽ.tɐ,CV.V.CV.CV
Rabana,,
rabánè,,
Rabentá,,
Rafiná,,
Rai,,
Raiva,,
raivè,,
raibè,,
Ramesindo,,
Ramo,,
Ramucé,,
Rancá,ɐ.Rɐ̃.ˈkaɾ,V.CV.CVC
ranchá,ɐ.Rɐ̃.ˈkaɾ,V.CV.CVC
Rancho,,
Rapicá,,
Rastá,ɐ.Rɐʃ.ˈtaɾ,V.CVC.CVC
Rastià,,
Rátel,,
Ratinha,,
Rebeldo,Rɨ.ˈbɛɫ.dɨ,CV.CVC.CV
Rebellador,,
Rebelloso,Rɨ.ˈbɛɫ.dɨ,CV.CVC.CV
Recadá,,
Recia,Rɨ.ˈsɐj.u,CV.CVC.V
Reciá,Rɨ.ˈsi.aɾ,CV.CV.VC
Recompensão,Rɨ.kõ.pẽ.ˈsaɾ,CV.CVC.CV.CVC
Redá,ɐ.Rɨ.ˈdaɾ,V.CV.CVC
Redimé,,
redemé,,
Redundo,,
Refença,vĩ.ˈɡɐ̃.sɐ,CVC.CV.CV
refencia,vĩ.ˈɡɐ̃.sɐ,CVC.CV.CV
Refencioso,,
Refrescação,,
Refrigeiro,,
Refujo,Rɨ.ˈfu.ʒju,CV.CV.CCV
Regáchi,,
Règuel,,
Régiment,,
Registração,Rɨ.ˈʒiʃ.tu,CV.CVC.CV
Regná,,
Regolá,Rɨ.ɡu.ˈlaɾ,CV.CV.CVC
Rejectá,,
Rejeitamento,,
Relijão,,
religio,,
reliji,,
relizè,,
relézi,,
Relijoso,,
Remèdi,,
remédè,,
remedio,,
Rempido,,
Rendá,ɐ.Rẽ.ˈdaɾ,V.CV.CVC
Rendaro,,
Repagá,,
Repário,,
Repartição,,
Rependê,,
Rependimento,ɐ.Rɨ.pẽ.di.ˈmẽ.tu,V.CV.CV.CV.CV.CV
Repentá,,
Repentação,ɐ.Rɨ.pẽ.di.ˈmẽ.tu,V.CV.CV.CV.CV.CV
Repostá,Rɨʃ.põ.ˈdeɾ,CVC.CVC.CVC
Reprende,Rɨ.pɾjẽ.ˈdeɾ,CV.CCCV.CVC
Reprensão,,
Reprová,,
Reptiles,,
reptils,,
Requedá,,
Requedação,ɐ.Rɨ.kɐ.dɐ.ˈsɐ̃w̃,V.CV.CV.CV.CVG
Requéza,,
Requirivel,,
Resgueto,Rɨʒ.ˈɡa.tɨ,CVC.CV.CV
Resolvá,Rɨ.zoɫ.ˈveɾ,CV.CVC.CVC
Respeitado,Rɨʃ.pɐj.ˈta.vɛɫ,CVC.CVC.CV.CVC
Respéto,Rɨʃ.ˈpɐj.tu,CVC.CVC.CV
Resplandente,,
resplandoso,,
Responsibilidade,Rɨʃ.põ.sɐ.bi.li.ˈda.dɨ,CVC.CVC.CV.CV.CV.CV.CV
Restanto,Rɨʃ.ˈtɐ̃.tɨ,CVC.CV.CV
Restorá,,
Restoração,,
Retorná,,
Retórna,,
Revereno,,
Rexinol,Row.si.ˈnɔɫ,CVG.CV.CVC
Rezão,Rɐ.ˈzɐ̃w̃,CV.CVG
rezan,Rɐ.ˈzɐ̃w̃,CV.CVG
Rezonavel,,
Revolá,Rɨ.voɫ.ˈveɾ,CV.CVC.CVC
Rheumatism,,
Riba,,
ribè,,
Richo,,
riqueiro,,
Riscá,,
Riu,ˈRi.u,CV.V
Rodiá,,
Róga,,
Roido,,
Róla,ˈRo.lu,CV.CV
Rompá,Rõ.ˈpeɾ,CVC.CVC
Ronchà,Rõ.ˈkaɾ,CVC.CVC
Rondade,,
Rosairo,,
Rostè,,
Rota,,
Rotados,,
Rubá,Row.ˈbaɾ,CVG.CVC
Rubador,,
Rubação,,
Rudela,Ru.ˈdɛ.lɐ,CV.CV.CV
Ruino,ˈRwi.nɐ,CV.V.CV
ruvína,ˈRwi.nɐ,CV.V.CV
ruvinação,ˈRwi.nɐ,CV.V.CV
Ruiná,ɐ.Rwi.ˈnaɾ,V.CV.V.CVC
ruviná,ɐ.Rwi.ˈnaɾ,V.CV.V.CVC
Rule,,
Rumpé,Rõ.ˈpeɾ,CVC.CVC
Ruva,ˈRu.ɐ,CV.V
Saberoso,sɐ.bu.ˈɾo.zu,CV.CV.CV.CV
sabaroso,sɐ.bu.ˈɾo.zu,CV.CV.CV.CV
sabroso,sɐ.bu.ˈɾo.zu,CV.CV.CV.CV
Saco,,
Sacrifiço,,
sagovate,,
sagoate,,
Sahinho,sɐ.ˈi.dɐ,CV.V.CV
Salutá,,
Salutação,saw.dɐ.ˈsɐ̃w̃,CVG.CV.CVG
Sandê,ɐ.sẽ.ˈdeɾ,V.CV.CVC
sandà,ɐ.sẽ.ˈdeɾ,V.CV.CVC
Santá,,
Santildade,sɐ̃.ti.ˈda.dɨ,CV.CV.CV.CV
Sápier,,
séper,,
Sapteiro,,
Sará,sɨ.ˈRaɾ,CV.CVC
Sarado,sɨ.ˈRa.du,CV.CV.CV
Sariants,,
Sastra,,
Satisfazido,sɐ.tiʃ.ˈfɐj.tu,CV.CVC.CVC.CV
Satisfeitomente,,
Saude,,
saode,,
savôdi,,
Saudição,saw.dɐ.ˈsɐ̃w̃,CVG.CV.CVG
Saúdo,ˈsa.bɐ.du,CV.CV.CV
saudo-dia,ˈsa.bɐ.du,CV.CV.CV
Sayão,,
sayán,,
Secado,,
Secta,,
secto,,
Secura,,
Secura-chão,,
Sedomente,,
Ségel,,
Segredè,,
segrédi,,
segradè,,
Seguedor,,
Seguente,sɨ.ˈɡĩ.tɨ,CV.CVC.CV
segunte,sɨ.ˈɡĩ.tɨ,CV.CVC.CV
Seguiador,,
Seguindo,sɨ.ˈɡĩ.tɨ,CV.CVC.CV
Seguradomente,sɨ.ɡu.ɾɐ.ˈmẽ.tɨ,CV.CV.CV.CV.CV
Seisenta,sɨ.ˈsẽ.tɐ,CV.CV.CV
Seisto,,
Seite,ˈsɛ.tɨ,CV.CV
Séja,,
seija,,
Sem,,
Semalhança,sɨ.mɨ.ˈʎɐ̃.sɐ,CV.CV.CV.CV
semeIhancè,sɨ.mɨ.ˈʎɐ̃.sɐ,CV.CV.CV.CV
Sementria,sɨ.mẽ.ˈtɐj.ɾɐ,CV.CV.CVC.CV
Sempetemo,,
sempretemo,,
sempieterno,,
Sen,sɐ̃j̃,CVC
Senan,sɨ.ˈnɐ̃w̃,CV.CVG
Senhoris,sɨ.ˈɲoɾ,CV.CVC
Sentencia,sẽ.ˈtẽ.sɐ,CV.CV.CV
Seperá,sɨ.pɐ.ˈɾaɾ,CV.CV.CVC
Separação,sɨ.pɐ.ɾɐ.ˈsɐ̃w̃,CV.CV.CV.CVG
Sepiá,,
Sepulturo,,
Séra,,
Seraphs,,
Serezan,,
Serioso,ˈsɛ.ɾju,CV.CCV
Servideira,,
Sés,ˈsɐjʃ,CVCC
Sestomo,,
Seve,ˈsɛ.bɨ,CV.CV
Significão,,
Siguier,,
Silente,,
Silentemente,,
Simiá,sɨ.ˈmi.aɾ,CV.CV.VC
Simple,ˈsĩ.plɨʃ,CVC.CCVC
simplo,ˈsĩ.plɨʃ,CVC.CCVC
Sinceiro,,
Sincoventè,,
Sinhárè,sɨ.ˈɲo.ɾɐ,CV.CV.CV
Sinho,,
Sinté,sẽ.ˈtiɾ,CV.CVC
Sintemento,,
Sintido,,
Siome,ˈsju.mɨ,CCV.CV
Sir,,
Sirvidor,,
Siso,,
Sistê,ɐ.siʃ.ˈtiɾ,V.CVC.CVC
Slack,,
slec,,
Slenger,,
Sobei',,
Sobérvia,,
Sobrano,,
Sobredade,,
soberdade,,
Sóbri,ˈso.bɾɨ,CV.CCV
sóber,ˈso.bɾɨ,CV.CCV
Sociadade,su.sjɐ.ˈda.dɨ,CV.CCV.CV.CV
Sociado,,
Socorá,su.ku.ˈReɾ,CV.CV.CVC
Socoro,,
Soffrá,,
Sogeito,,
Soitâ,ɐ.soj.ˈtaɾ,V.CVC.CVC
Solemno,su.ˈlɛ.nɨ,CV.CV.CV
Solicitidão,,
Solteira,,
Sombral,,
sombralho,,
Sombrè,ˈsõ.bɾɐ,CVC.CCV
sómber,ˈsõ.bɾɐ,CVC.CCV
Sombreiro,,
sumberaro,,
Sometido,,
Sonento,su.nu.ˈlẽ.tu,CV.CV.CV.CV
Stal,,
Staps,,
Su,,
Subê,su.ˈbiɾ,CV.CVC
soubê,su.ˈbiɾ,CV.CVC
Subiá,su.bɨ.ˈʒaɾ,CV.CV.CVC
Subjecto,,
Subtomente,su.bi.tɐ.ˈmẽ.tɨ,CV.CV.CV.CV.CV
Súcar,ɐ.ˈsu.kɐɾ,V.CV.CVC
Suffri,su.ˈfɾeɾ,CV.CCVC
Suffrador,su.fɾɨ.ˈdoɾ,CV.CCV.CVC
Sujaza,su.ʒi.ˈda.dɨ,CV.CV.CV.CV
Sujo,,
Sumana,sɨ.ˈmɐ.nɐ,CV.CV.CV
sumanè,sɨ.ˈmɐ.nɐ,CV.CV.CV
Suo,,
Superemo,su.ˈpɾe.mu,CV.CCV.CV
Supo,,
Supportá,,
supertá,,
Súppodo,,
súppudo,,
Suppodomente,,
Supporto,,
Suppressá,,
Susaso,su.ˈsɛ.su,CV.CV.CV
Suscedà,,
susdé,,
susté,,
sosté,,
Suspicio,,
suspiçan,,
Suspira,suʃ.ˈpi.ɾu,CVC.CV.CV
Suvà,ˈswaɾ,CV.VC
Suvida,,
Tábè,,
Tabemaclo,,
Tabo,,
Tac,,
tak,,
Talhí,,
Tandá,,
Tanga,,
Tanjador,,
Tánta,,
Tantohora,,
Tappál,,
Tardancè,,
Tavemo,,
Tax,,
Tea,,
Telegramo,tɨ.lɨ.ˈɡɾɐ.mɐ,CV.CV.CCV.CV
Telhada,tɨ.ˈʎa.du,CV.CV.CV
Tem,,
Temaro,tɨ.ˈmoɾ,CV.CVC
Témper,,
Tempésta,,
Tend,,
Tenro,ˈtɛɾ.nu,CVC.CV
Tenteção,,
Terano,,
Terivel,tɨ.ˈRi.vɛɫ,CV.CV.CVC
Terrestrial,,
Tesá,,
Teçan,,
Testimonio,,
Thesóura,,
thesauro,,
Thesouria,,
Ticê,,
tissi,,
Tifin,,
Tígir,,
Tinhè,,
Tirnia,ti.ɾɐ.ˈni.ɐ,CV.CV.CV.V
Tirrá,ti.ˈɾaɾ,CV.CVC
Toca-boca,,
Tocando,,
toquando,,
Todo,,
Tone,,
Topàz,tu.ˈpa.zju,CV.CV.CCV
Tormentador,,
Tórna,,
Tortil,ˈbeɾ.su,CVC.CV
Torno,ˈto.Rɨ,CV.CV
Tosé,,
Traducê,tɾɐ.du.ˈziɾ,CCV.CV.CVC
Trahido,diʃ.tɾɐ.ˈi.du,CVC.CCV.V.CV
Train,,
Transgressá,tɾɐ̃ʒ.ɡɾɨ.ˈdiɾ,CCVC.CCV.CVC
Transgressador,,
Transportado,,
Trap,,
Trapá,tɾɨ.ˈpaɾ,CCV.CVC
Travezá,,
Traz-cahido,,
traz-porta,,
Travelho,tɾɐ.ˈba.ʎu,CCV.CV.CV
travajo,tɾɐ.ˈba.ʎu,CCV.CV.CV
travai,tɾɐ.ˈba.ʎu,CCV.CV.CV
travia,tɾɐ.ˈba.ʎu,CCV.CV.CV
Travalhá,tɾɐ.bɐ.ˈʎaɾ,CCV.CV.CVC
travalyá,tɾɐ.bɐ.ˈʎaɾ,CCV.CV.CVC
travejá,tɾɐ.bɐ.ˈʎaɾ,CCV.CV.CVC
traveliá,tɾɐ.bɐ.ˈʎaɾ,CCV.CV.CVC
traviá,tɾɐ.bɐ.ˈʎaɾ,CCV.CV.CVC
Trazeiro,,
Treato,,
Treção,,
tresão,,
tresan,,
Trediça,,
traidice,,
Treidor,,
tredor,,
Trémè,tɾɨ.ˈmoɾ,CCV.CVC
Tremedura,,
Trevessá,,
Trevessado,dɨ.pɾɐ.ˈva.du,CV.CCV.CV.CV
trevesado,dɨ.pɾɐ.ˈva.du,CV.CCV.CV.CV
arrevezado,dɨ.pɾɐ.ˈva.du,CV.CCV.CV.CV
Travesso,,
treveço,,
Trezeiro,,
trezéro,,
Trezeiromente,,
Tribulá,ɐ.tɾi.bu.ˈlaɾ,V.CCV.CV.CVC
Trimi,tɾɨ.ˈmeɾ,CCV.CVC
Trinidade,tɾĩ.ˈda.dɨ,CCVC.CV.CV
Trintè,ˈtɾĩ.tɐ,CCVC.CV
Triómpha,tɾi.ˈũ.fu,CCV.VC.CV
Triompliá,,
Triompliante,tɾi.ũ.ˈfɐ̃.tɨ,CCV.VC.CV.CV
Tristézè,tɾiʃ.ˈte.zɐ,CCVC.CV.CV
Trizê,,
trizá,,
treizê,,
Troada,,
truada,,
trovada,,
trovado,,
truvado,,
Trova,tɾu.vɨ.ˈʒaɾ,CCV.CV.CVC
truvá,tɾu.vɨ.ˈʒaɾ,CCV.CV.CVC
Trobellado,,
Trocamento,ˈtɾɔ.kɐ,CCV.CV
Trocido,,
Trombeto,tɾõ.ˈbe.tɐ,CCVC.CV.CV
trumbetè,tɾõ.ˈbe.tɐ,CCVC.CV.CV
Tromenta,,
troméntè,,
tromento,,
Tropeço,,
troupeço,,
Tropeça,,
troupeçà,,
Troubalá,,
troubelà,,
troubalha,,
troublà,,
trublá,,
Trobellado,,
Troublação,,
trublação,,
trubelasan,,
trobalhasan,,
Trouble,,
Traçador,,
Trucé,,
trussé,,
Trusamento,di.zẽ.tɨ.ˈɾi.ɐ,CV.CV.CV.CV.V
Tudos,,
Tuli,,
Tuo,,
Tutana,,
Umi,,
Ungiá,ũ.ˈʒiɾ,VC.CVC
Urvis,ow.ˈɾi.vɨʃ,VG.CV.CVC
Usancia,,
usancè,,
Uscuro,,
Uço,,
Vaca,,
Vacudade,,
Vadade,vaj.ˈda.dɨ,CVC.CV.CV
Vagára,,
Vai,,
Valante,vɐ.ˈlẽ.tɨ,CV.CV.CV
Valiá,ɐ.vɐ.ˈli.aɾ,V.CV.CV.VC
Vanda,ˈbɐ̃.dɐ,CV.CV
Vande,,
Vand'lar-vida,,
Vanz,,
Vaquinha,,
vaccinha,,
Varioso,,
Varzè,,
vàrzi,,
Varzeiro,,
vaijeiro,,
Vatti,ɐ.sɐ.ˈfa.tɨ,V.CV.CV.CV
Ven,,
Vença,vẽ.ˈseɾ,CV.CVC
vencà,vẽ.ˈseɾ,CV.CVC
Vencador,,
Vein,,
Venettè,,
vanetta,,
vanettè,,
Vénkel,,
vénkal,,
Ventra,,
vénter,,
Verdedeiro,vɨɾ.dɐ.ˈdɐj.ɾu,CVC.CV.CVC.CV
Verdeiromente,,
Verdente,,
Vergonhadomente,,
Vésper,ˈvɛʃ.pɨ.ɾɐ,CVC.CV.CV
Vestimento,,
Veyo,,
Viagè,,
viajo,,
Veagéro,,
Vichelei,,
Vida,,
vidè,,
Vidèaquél,,
Vidèque,,
vidèquél,,
Vido,ˈveɾ,CVC
Vido,,
Vidor,,
Vigári,vi.ˈɡa.ɾju,CV.CV.CCV
Vigil,vi.ˈʒi.ljɐ,CV.CV.CCV
Vin',ˈvi.ɲu,CV.CV
Vindo,ˈvĩ.dɐ,CVC.CV
Vingá,,
Vintôrè,vẽ.ˈtu.ɾɐ,CV.CV.CV
Vinteroso,vẽ.tu.ˈɾo.zu,CV.CV.CV.CV
vintroso,vẽ.tu.ˈɾo.zu,CV.CV.CV.CV
Vio,,
Virado,,
Viradomente,,
Virgem-ventre,,
Virrá,vi.ˈɾaɾ,CV.CVC
Vistè,,
Vistê,vɨʃ.ˈtiɾ,CVC.CVC
vistá,vɨʃ.ˈtiɾ,CVC.CVC
Vistementé,,
vistemento,,
vistido,,
Vivenda,,
Vizia,vi.ˈʒi.ɐ,CV.CV.V
Viziá,vi.ˈʒi.aɾ,CV.CV.VC
Viziador,,
Viziação,,
Voltiá,,
Vossas,,
Vossè,,
Vossotros,,
Waggon,,
Waiscoat,,
Wine,,
Zumbá,,
Zomberías,,
zombrias,,
zombàrios,,
